ID,Local_ID,Language_ID,Parameter_ID,Value,Form,Segments,Comment,Source,Cognacy,Loan,Graphemes,Profile
CNa-1_alltodos-1,,CNa,1_alltodos,mochi-n,mochi-n,m o tʃ i + n,,Karttunen1983,,,^ m o ch i - n $,default
TNa-1_alltodos-1,,TNa,1_alltodos,nochiː,nochiː,n o tʃ iː,,Brewer1966,,,^ n o ch iː $,default
NPN-1_alltodos-1,,NPN,1_alltodos,nochi-n,nochi-n,n o tʃ i + n,,Brockway2000,,,^ n o ch i - n $,default
MNa-1_alltodos-1,,MNa,1_alltodos,(i)nochi,nochi,n o tʃ i,,Wolgemuth2002,,,^ n o ch i $,default
PNa-1_alltodos-1,,PNa,1_alltodos,nochi,nochi,n o tʃ i,,Garcia1976,,,^ n o ch i $,default
JNa-1_alltodos-1,,JNa,1_alltodos,muchi,muchi,m u tʃ i,,Garcia1967,,,^ m u ch i $,default
Pip-1_alltodos-1,,Pip,1_alltodos,muchi,muchi,m u tʃ i,,Campbell1985,,,^ m u ch i $,default
Poch-1_alltodos-1,,Poch,1_alltodos,nochó,nochó,n o tʃ ó/o,,Boas1917,,,^ n o ch ó $,default
PA-1_alltodos-1,,PA,1_alltodos,*mochɨ-m,*mochɨ-m,m o tʃ ɨ + m,,Davletshin2012,,,^ * m o ch ɨ - m $,default
CNa-2_ashes-1,,CNa,2_ashes,nex-tli,nex-tli,n e x + t l i,,Karttunen1983,,,^ n e x - t l i $,default
TNa-2_ashes-1,,TNa,2_ashes,tlako-nex-tliː,tlako-nex-tliː,t l a k o + n e x + t l iː,,Brewer1966,,,^ t l a k o - n e x - t l iː $,default
NPN-2_ashes-1,,NPN,2_ashes,tleko-nex-tli,tleko-nex-tli,t l e k o + n e x + t l i,,Brockway2000,,,^ t l e k o - n e x - t l i $,default
MNa-2_ashes-1,,MNa,2_ashes,kwa-neːx,kwa-neːx,k w a + n eː x,,Wolgemuth2002,,,^ k w a - n eː x $,default
PNa-2_ashes-1,,PNa,2_ashes,ba-neːx,ba-neːx,b a + n eː x,,Garcia1976,,,^ b a - n eː x $,default
JNa-2_ashes-1,,JNa,2_ashes,kó-nex-ti,kó-nex-ti,k ó/o + n e x + t i,,Garcia1967,,,^ k ó - n e x - t i $,default
Pip-2_ashes-1,,Pip,2_ashes,nex-ti,nex-ti,n e x + t i,,Campbell1985,,,^ n e x - t i $,default
Poch-2_ashes-1,,Poch,2_ashes,nox-t,nox-t,n o x + t,,Boas1917,,,^ n o x - t $,default
PA-2_ashes-1,,PA,2_ashes,*nɨx-tlɨ,*nɨx-tlɨ,n ɨ x + t l ɨ,,Davletshin2012,,,^ * n ɨ x - t l ɨ $,default
CNa-3_bark-1,,CNa,3_bark,eːwa-tl,eːwa-tl,eː w a + t l,,Karttunen1983,,,^ eː w a - t l $,default
TNa-3_bark-1,,TNa,3_bark,yewa-yu-tl,yewa-yu-tl,j e w a + j u + t l,,Brewer1966,,,^ y e w a - y u - t l $,default
NPN-3_bark-1,,NPN,3_bark,-yewa-yo,-yewa-yo,+ j e w a + j o,,Brockway2000,,,^ - y e w a - y o $,default
MNa-3_bark-1,,MNa,3_bark,kwa-kahloː-ʔ,kwa-kahloː-ʔ,k w a + k a h l oː + ʔ,,Wolgemuth2002,,,^ k w a - k ah l oː - ʔ $,default
PNa-3_bark-1,,PNa,3_bark,-ba-gahlo,-ba-gahlo,+ b a + g a h l o,,Garcia1976,,,^ - b a - g ah l o $,default
JNa-3_bark-1,,JNa,3_bark,-sul-koi,-sul-koi,+ s u l + k o i,,Garcia1967,,,^ - s u l - k o i $,default
Pip-3_bark-1,,Pip,3_bark,-eːwa-yu,-eːwa-yu,+ eː w a + j u,,Campbell1985,,,^ - eː w a - y u $,default
PA-3_bark-1,,PA,3_bark,*ɨwaː-yoː-tl,*ɨwaː-yoː-tl,ɨ w aː + j oː + t l,,Davletshin2012,,,^ * ɨ w aː - y oː - t l $,default
CNa-4_belly-1,,CNa,4_belly,-iʔte,-iʔte,+ i ʔ t e,,Karttunen1983,,,^ - i ʔ t e $,default
TNa-4_belly-1,,TNa,4_belly,-ihte,-ihte,+ i h t e,,Brewer1966,,,^ - ih t e $,default
NPN-4_belly-1,,NPN,4_belly,"-ihte, -pox",-ihte,+ i h t e,,Brockway2000,,,^ - ih t e $,default
MNa-4_belly-1,,MNa,4_belly,-talax (exterior),-talax,+ t a l a x,,Wolgemuth2002,,,^ - t a l a x $,default
PNa-4_belly-1,,PNa,4_belly,-ihti,-ihti,+ i h t i,,Garcia1976,,,^ - ih t i $,default
JNa-4_belly-1,,JNa,4_belly,-ihti,-ihti,+ i h t i,,Garcia1967,,,^ - ih t i $,default
Pip-4_belly-1,,Pip,4_belly,-ihti,-ihti,+ i h t i,,Campbell1985,,,^ - ih t i $,default
PA-4_belly-1,,PA,4_belly,*-ɨhtɨ,*-ɨhtɨ,+ ɨ h t ɨ,,Davletshin2012,,,^ * - ɨh t ɨ $,default
CNa-5_big-1,,CNa,5_big,weː(i),weː,w eː,,Karttunen1983,,,^ w eː $,default
TNa-5_big-1,,TNa,5_big,bieyiː,bieyiː,b i e j iː,,Brewer1966,,,^ b i e y iː $,default
NPN-5_big-1,,NPN,5_big,weyi,weyi,w e j i,,Brockway2000,,,^ w e y i $,default
MNa-5_big-1,,MNa,5_big,weyi,weyi,w e j i,,Wolgemuth2002,,,^ w e y i $,default
PNa-5_big-1,,PNa,5_big,weːy,weːy,w eː j,,Garcia1976,,,^ w eː y $,default
JNa-5_big-1,,JNa,5_big,wey,wey,w e j,,Garcia1967,,,^ w e y $,default
Pip-5_big-1,,Pip,5_big,weːy,weːy,w eː j,,Campbell1985,,,^ w eː y $,default
Poch-5_big-1,,Poch,5_big,huhióm,huhióm,h u h i ó/o m,,Boas1917,,,^h uh i ó m $,default
PA-5_big-1,,PA,5_big,*wehey(ɨ),*wehey,w e h e j,,Davletshin2012,,,^ * w eh e y $,default
CNa-6_bird-1,,CNa,6_bird,toːtoː-tl,toːtoː-tl,t oː t oː + t l,,Karttunen1983,,,^ t oː t oː - t l $,default
TNa-6_bird-1,,TNa,6_bird,tutu-tl,tutu-tl,t u t u + t l,,Brewer1966,,,^ t u t u - t l $,default
NPN-6_bird-1,,NPN,6_bird,toto-tl,toto-tl,t o t o + t l,,Brockway2000,,,^ t o t o - t l $,default
MNa-6_bird-1,,MNa,6_bird,toːtoː-ʔ,toːtoː-ʔ,t oː t oː + ʔ,,Wolgemuth2002,,,^ t oː t oː - ʔ $,default
PNa-6_bird-1,,PNa,6_bird,toːto-t,toːto-t,t oː t o + t,,Garcia1976,,,^ t oː t o - t $,default
JNa-6_bird-1,,JNa,6_bird,tuːru-t,tuːru-t,t uː r u + t,,Garcia1967,,,^ t uː r u - t $,default
Pip-6_bird-1,,Pip,6_bird,"tuːtu-t (Santo Domingo de Guzmán), wiːlu-t (Cuisnahuat)",tuːtu-t,t uː t u + t,,Campbell1985,,,^ t uː t u - t $,default
PA-6_bird-1,,PA,6_bird,*toːtoː-tl,*toːtoː-tl,t oː t oː + t l,,Davletshin2012,,,^ * t oː t oː - t l $,default
CNa-7_bite-1,,CNa,7_bite,-keʔtzom(a),-keʔtzom,+ k e ʔ t z o m,,Karttunen1983,,,^ - k e ʔ t z o m $,default
TNa-7_bite-1,,TNa,7_bite,-ketzoma,-ketzoma,+ k e t z o m a,,Brewer1966,,,^ - k e t z o m a $,default
NPN-7_bite-1,,NPN,7_bite,-tlan-kechiya,-tlan-kechiya,+ t l a n + k e tʃ i j a,,Brockway2000,,,^ - t l a n - k e ch i y a $,default
MNa-7_bite-1,,MNa,7_bite,-tan-kwa,-tan-kwa,+ t a n + k w a,,Wolgemuth2002,,,^ - t a n - k w a $,default
PNa-7_bite-1,,PNa,7_bite,-tam-ba,-tam-ba,+ t a m + b a,,Garcia1976,,,^ - t a m - b a $,default
Pip-7_bite-1,,Pip,7_bite,-tan-kwa,-tan-kwa,+ t a n + k w a,,Campbell1985,,,^ - t a n - k w a $,default
PA-7_bite-1,,PA,7_bite,*-kɨh-tzoma,*-kɨh-tzoma,+ k ɨ h + t z o m a,,Davletshin2012,,,^ * - k ɨh - t z o m a $,default
CNa-8_black-1,,CNa,8_black,tliːl-tik,tliːl-tik,t l iː l + t i k,,Karttunen1983,,,^ t l iː l - t i k $,default
TNa-8_black-1,,TNa,8_black,"tlil-tiːk, kapotz-tiːk",tlil-tiːk,t l i l + t iː k,,Brewer1966,,,^ t l i l - t iː k $,default
NPN-8_black-1,,NPN,8_black,tlil-tik,tlil-tik,t l i l + t i k,,Brockway2000,,,^ t l i l - t i k $,default
MNa-8_black-1,,MNa,8_black,"piːs-tiʔ, chaːpo-tiʔ",piːs-tiʔ,p iː s + t i ʔ,,Wolgemuth2002,,,^ p iː s - t i ʔ $,default
PNa-8_black-1,,PNa,8_black,pis-tik,pis-tik,p i s + t i k,,Garcia1976,,,^ p i s - t i k $,default
JNa-8_black-1,,JNa,8_black,yayák,yayák,j a j á/a k,,Garcia1967,,,^ y a y á k $,default
Pip-8_black-1,,Pip,8_black,"tiːl-tik (Santo Domingo de Guzmán), kuː-tiːl-tik (Cuisnahuat)",tiːl-tik,t iː l + t i k,,Campbell1985,,,^ t iː l - t i k $,default
PA-8_black-1,,PA,8_black,*tliːl-tɨ-k,*tliːl-tɨ-k,t l iː l + t ɨ + k,,Davletshin2012,,,^ * t l iː l - t ɨ - k $,default
CNa-9_blood-1,,CNa,9_blood,es-tli,es-tli,e s + t l i,,Karttunen1983,,,^ e s - t l i $,default
TNa-9_blood-1,,TNa,9_blood,yes-tliː,yes-tliː,j e s + t l iː,,Brewer1966,,,^ y e s - t l iː $,default
NPN-9_blood-1,,NPN,9_blood,yes-tli,yes-tli,j e s + t l i,,Brockway2000,,,^ y e s - t l i $,default
MNa-9_blood-1,,MNa,9_blood,es-ti,es-ti,e s + t i,,Wolgemuth2002,,,^ e s - t i $,default
PNa-9_blood-1,,PNa,9_blood,es-ti,es-ti,e s + t i,,Garcia1976,,,^ e s - t i $,default
JNa-9_blood-1,,JNa,9_blood,es-ti,es-ti,e s + t i,,Garcia1967,,,^ e s - t i $,default
Pip-9_blood-1,,Pip,9_blood,es-ti,es-ti,e s + t i,,Campbell1985,,,^ e s - t i $,default
Poch-9_blood-1,,Poch,9_blood,es-t,es-t,e s + t,,Boas1917,,,^ e s - t $,default
PA-9_blood-1,,PA,9_blood,*ɨs-tlɨ,*ɨs-tlɨ,ɨ s + t l ɨ,,Davletshin2012,,,^ * ɨ s - t l ɨ $,default
CNa-10_bone-1,,CNa,10_bone,omi-tl,omi-tl,o m i + t l,,Karttunen1983,,,^ o m i - t l $,default
TNa-10_bone-1,,TNa,10_bone,miːmiːte-tl,miːmiːte-tl,m iː m iː t e + t l,,Brewer1966,,,^ m iː m iː t e - t l $,default
NPN-10_bone-1,,NPN,10_bone,ohmi-tl,ohmi-tl,o h m i + t l,,Brockway2000,,,^ oh m i - t l $,default
MNa-10_bone-1,,MNa,10_bone,omi-ʔ,omi-ʔ,o m i + ʔ,,Wolgemuth2002,,,^ o m i - ʔ $,default
PNa-10_bone-1,,PNa,10_bone,omi-t,omi-t,o m i + t,,Garcia1976,,,^ o m i - t $,default
JNa-10_bone-1,,JNa,10_bone,umi-t,umi-t,u m i + t,,Garcia1967,,,^ u m i - t $,default
Pip-10_bone-1,,Pip,10_bone,uːmi-t,uːmi-t,uː m i + t,,Campbell1985,,,^ uː m i - t $,default
Poch-10_bone-1,,Poch,10_bone,o-t,o-t,o + t,,Boas1917,,,^ o - t $,default
PA-10_bone-1,,PA,10_bone,*oːmɨ-tl,*oːmɨ-tl,oː m ɨ + t l,,Davletshin2012,,,^ * oː m ɨ - t l $,default
CNa-11_breast-1,,CNa,11_breast,-chiːchiːwal,-chiːchiːwal,+ tʃ iː tʃ iː w a l,,Karttunen1983,,,^ - ch iː ch iː w a l $,default
TNa-11_breast-1,,TNa,11_breast,-chichiːwal (de mujer),-chichiːwal,+ tʃ i tʃ iː w a l,,Brewer1966,,,^ - ch i ch iː w a l $,default
NPN-11_breast-1,,NPN,11_breast,-chichiwal (de mujer),-chichiwal,+ tʃ i tʃ i w a l,,Brockway2000,,,^ - ch i ch i w a l $,default
MNa-11_breast-1,,MNa,11_breast,-chiːchiwal (teta),-chiːchiwal,+ tʃ iː tʃ i w a l,,Wolgemuth2002,,,^ - ch iː ch i w a l $,default
PNa-11_breast-1,,PNa,11_breast,-chichiwal (teta),-chichiwal,+ tʃ i tʃ i w a l,,Garcia1976,,,^ - ch i ch i w a l $,default
JNa-11_breast-1,,JNa,11_breast,-chichi (teta),-chichi,+ tʃ i tʃ i,,Garcia1967,,,^ - ch i ch i $,default
Pip-11_breast-1,,Pip,11_breast,-chiːchih (teta),-chiːchih,+ tʃ iː tʃ i h,,Campbell1985,,,^ - ch iː ch ih $,default
Poch-11_breast-1,,Poch,11_breast,/no/-tipén (mi pecho),no,n o,,Boas1917,,,^ n o $,default
PA-11_breast-1,,PA,11_breast,*-chiːchiːwal,*-chiːchiːwal,+ tʃ iː tʃ iː w a l,,Davletshin2012,,,^ * - ch iː ch iː w a l $,default
CNa-12_burntr-1,,CNa,12_burntr,-tlatiaː,-tlatiaː,+ t l a t i aː,,Karttunen1983,,,^ - t l a t i aː $,default
TNa-12_burntr-1,,TNa,12_burntr,-tlatia,-tlatia,+ t l a t i a,,Brewer1966,,,^ - t l a t i a $,default
NPN-12_burntr-1,,NPN,12_burntr,-tititza,-tititza,+ t i t i t z a,,Brockway2000,,,^ - t i t i t z a $,default
MNa-12_burntr-1,,MNa,12_burntr,-tatiá,-tatiá,+ t a t i á/a,,Wolgemuth2002,,,^ - t a t i á $,default
PNa-12_burntr-1,,PNa,12_burntr,-tata,-tata,+ t a t a,,Garcia1976,,,^ - t a t a $,default
JNa-12_burntr-1,,JNa,12_burntr,-tati,-tati,+ t a t i,,Garcia1967,,,^ - t a t i $,default
Pip-12_burntr-1,,Pip,12_burntr,-tatia,-tatia,+ t a t i a,,Campbell1985,,,^ - t a t i a $,default
Poch-12_burntr-1,,Poch,12_burntr,-tatí,-tatí,+ t a t í/i,,Boas1917,,,^ - t a t í $,default
PA-12_burntr-1,,PA,12_burntr,*-tla-tɨ-ha,*-tla-tɨ-ha,+ t l a + t ɨ + h a,,Davletshin2012,,,^ * - t l a - t ɨ -h a $,default
CNa-13_clawnail-1,,CNa,13_clawnail,iste-tl,iste-tl,i s t e + t l,,Karttunen1983,,,^ i s t e - t l $,default
TNa-13_clawnail-1,,TNa,13_clawnail,iste,iste,i s t e,,Brewer1966,,,^ i s t e $,default
NPN-13_clawnail-1,,NPN,13_clawnail,ist-n,ist-n,i s t + n,,Brockway2000,,,^ i s t - n $,default
MNa-13_clawnail-1,,MNa,13_clawnail,isti,isti,i s t i,,Wolgemuth2002,,,^ i s t i $,default
PNa-13_clawnail-1,,PNa,13_clawnail,-isti,-isti,+ i s t i,,Garcia1976,,,^ - i s t i $,default
JNa-13_clawnail-1,,JNa,13_clawnail,-isti,-isti,+ i s t i,,Garcia1967,,,^ - i s t i $,default
Pip-13_clawnail-1,,Pip,13_clawnail,isti-t,isti-t,i s t i + t,,Campbell1985,,,^ i s t i - t $,default
Poch-13_clawnail-1,,Poch,13_clawnail,ox-t,ox-t,o x + t,,Boas1917,,,^ o x - t $,default
PA-13_clawnail-1,,PA,13_clawnail,*-ɨstɨ,*-ɨstɨ,+ ɨ s t ɨ,,Davletshin2012,,,^ * - ɨ s t ɨ $,default
CNa-14_cloud-1,,CNa,14_cloud,mix-tli,mix-tli,m i x + t l i,,Karttunen1983,,,^ m i x - t l i $,default
TNa-14_cloud-1,,TNa,14_cloud,mex-tliː,mex-tliː,m e x + t l iː,,Brewer1966,,,^ m e x - t l iː $,default
NPN-14_cloud-1,,NPN,14_cloud,(tepe)-mex-tli,-mex-tli,+ m e x + t l i,,Brockway2000,,,^ - m e x - t l i $,default
MNa-14_cloud-1,,MNa,14_cloud,mix-ti,mix-ti,m i x + t i,,Wolgemuth2002,,,^ m i x - t i $,default
PNa-14_cloud-1,,PNa,14_cloud,miːx-ti,miːx-ti,m iː x + t i,,Garcia1976,,,^ m iː x - t i $,default
Pip-14_cloud-1,,Pip,14_cloud,mix-ti,mix-ti,m i x + t i,,Campbell1985,,,^ m i x - t i $,default
Poch-14_cloud-1,,Poch,14_cloud,pix-t?,pix-t?,p i x + t,,Boas1917,,,^ p i x - t ? $,default
PA-14_cloud-1,,PA,14_cloud,*mix-tlɨ,*mix-tlɨ,m i x + t l ɨ,,Davletshin2012,,,^ * m i x - t l ɨ $,default
CNa-15_cold-1,,CNa,15_cold,"iːtz-tik, sesek",iːtz-tik,iː t z + t i k,,Karttunen1983,,,^ iː t z - t i k $,default
TNa-15_cold-1,,TNa,15_cold,itz-tiːk,itz-tiːk,i t z + t iː k,,Brewer1966,,,^ i t z - t iː k $,default
NPN-15_cold-1,,NPN,15_cold,itz-tik,itz-tik,i t z + t i k,,Brockway2000,,,^ i t z - t i k $,default
MNa-15_cold-1,,MNa,15_cold,seseːʔ,seseːʔ,s e s eː ʔ,,Wolgemuth2002,,,^ s e s eː ʔ $,default
PNa-15_cold-1,,PNa,15_cold,seseːk,seseːk,s e s eː k,,Garcia1976,,,^ s e s eː k $,default
JNa-15_cold-1,,JNa,15_cold,sesek,sesek,s e s e k,,Garcia1967,,,^ s e s e k $,default
Pip-15_cold-1,,Pip,15_cold,sesek,sesek,s e s e k,,Campbell1985,,,^ s e s e k $,default
Poch-15_cold-1,,Poch,15_cold,"piná, kug’li",piná,p i n á/a,,Boas1917,,,^ p i n á $,default
PA-15_cold-1,,PA,15_cold,*sese-k,*sese-k,s e s e + k,,Davletshin2012,,,^ * s e s e - k $,default
CNa-16_come-1,,CNa,16_come,witz,witz,w i t z,,Karttunen1983,,,^ w i t z $,default
TNa-16_come-1,,TNa,16_come,ibitz,ibitz,i b i t z,,Brewer1966,,,^ i b i t z $,default
NPN-16_come-1,,NPN,16_come,witz,witz,w i t z,,Brockway2000,,,^ w i t z $,default
MNa-16_come-1,,MNa,16_come,wiːʔ,wiːʔ,w iː ʔ,,Wolgemuth2002,,,^ w iː ʔ $,default
PNa-16_come-1,,PNa,16_come,wiːtz,wiːtz,w iː t z,,Garcia1976,,,^ w iː t z $,default
JNa-16_come-1,,JNa,16_come,ñotz,ñotz,ɲ o t z,,Garcia1967,,,^ ñ o t z $,default
Pip-16_come-1,,Pip,16_come,wiːtz,wiːtz,w iː t z,,Campbell1985,,,^ w iː t z $,default
Poch-16_come-1,,Poch,16_come,witz,witz,w i t z,,Boas1917,,,^ w i t z $,default
PA-16_come-1,,PA,16_come,*wiːtz (preterit-as-present form),*wiːtz,w iː t z,,Davletshin2012,,,^ * w iː t z $,default
CNa-17_die-1,,CNa,17_die,mik(i),mik,m i k,,Karttunen1983,,,^ m i k $,default
TNa-17_die-1,,TNa,17_die,miːkiː,miːkiː,m iː k iː,,Brewer1966,,,^ m iː k iː $,default
NPN-17_die-1,,NPN,17_die,miki,miki,m i k i,,Brockway2000,,,^ m i k i $,default
MNa-17_die-1,,MNa,17_die,miki,miki,m i k i,,Wolgemuth2002,,,^ m i k i $,default
PNa-17_die-1,,PNa,17_die,migi,migi,m i g i,,Garcia1976,,,^ m i g i $,default
JNa-17_die-1,,JNa,17_die,miki,miki,m i k i,,Garcia1967,,,^ m i k i $,default
Pip-17_die-1,,Pip,17_die,miki,miki,m i k i,,Campbell1985,,,^ m i k i $,default
Poch-17_die-1,,Poch,17_die,mok,mok,m o k,,Boas1917,,,^ m o k $,default
PA-17_die-1,,PA,17_die,*mɨki,*mɨki,m ɨ k i,,Davletshin2012,,,^ * m ɨ k i $,default
CNa-18_dog-1,,CNa,18_dog,chichi-(toːn),chichi-,tʃ i tʃ i +,,Karttunen1983,,,^ ch i ch i - $,default
TNa-18_dog-1,,TNa,18_dog,chiːchiː-tu,chiːchiː-tu,tʃ iː tʃ iː + t u,,Brewer1966,,,^ ch iː ch iː - t u $,default
NPN-18_dog-1,,NPN,18_dog,chichi,chichi,tʃ i tʃ i,,Brockway2000,,,^ ch i ch i $,default
MNa-18_dog-1,,MNa,18_dog,peːlo (Spanish loan),peːlo,p eː l o,,Wolgemuth2002,,,^ p eː l o $,default
PNa-18_dog-1,,PNa,18_dog,pelo (Spanish loan),pelo,p e l o,,Garcia1976,,,^ p e l o $,default
JNa-18_dog-1,,JNa,18_dog,chuchu,chuchu,tʃ u tʃ u,,Garcia1967,,,^ ch u ch u $,default
Pip-18_dog-1,,Pip,18_dog,peːlu (Spanish loan),peːlu,p eː l u,,Campbell1985,,,^ p eː l u $,default
Poch-18_dog-1,,Poch,18_dog,tachóm,tachóm,t a tʃ ó/o m,,Boas1917,,,^ t a ch ó m $,default
CNa-19_drink-1,,CNa,19_drink,-on-iː (thither-drink),-on-iː,+ o n + iː,,Karttunen1983,,,^ - o n - iː $,default
TNa-19_drink-1,,TNa,19_drink,-on-i,-on-i,+ o n + i,,Brewer1966,,,^ - o n - i $,default
NPN-19_drink-1,,NPN,19_drink,-on-i,-on-i,+ o n + i,,Brockway2000,,,^ - o n - i $,default
MNa-19_drink-1,,MNa,19_drink,-on-i-á,-on-i-á,+ o n + i + á/a,,Wolgemuth2002,,,^ - o n - i - á $,default
PNa-19_drink-1,,PNa,19_drink,-on-i,-on-i,+ o n + i,,Garcia1976,,,^ - o n - i $,default
JNa-19_drink-1,,JNa,19_drink,/xi-k/-i (impera- tive form),xi-k,x i + k,,Garcia1967,,,^ x i - k $,default
Pip-19_drink-1,,Pip,19_drink,-un-i,-un-i,+ u n + i,,Campbell1985,,,^ - u n - i $,default
Poch-19_drink-1,,Poch,19_drink,tem-í (mouth-drink?),tem-í,t e m + í/i,,Boas1917,,,^ t e m - í $,default
PA-19_drink-1,,PA,19_drink,*-ihi,*-ihi,+ i h i,,Davletshin2012,,,^ * - ih i $,default
CNa-20_dry-1,,CNa,20_dry,waːk-ki,waːk-ki,w aː k + k i,,Karttunen1983,,,^ w aː k - k i $,default
TNa-20_dry-1,,TNa,20_dry,wah-kiː,wah-kiː,w a h + k iː,,Brewer1966,,,^ w ah - k iː $,default
NPN-20_dry-1,,NPN,20_dry,wah-ki,wah-ki,w a h + k i,,Brockway2000,,,^ w ah - k i $,default
MNa-20_dry-1,,MNa,20_dry,waːk-toʔ,waːk-toʔ,w aː k + t o ʔ,,Wolgemuth2002,,,^ w aː k - t o ʔ $,default
PNa-20_dry-1,,PNa,20_dry,waːk-tok,waːk-tok,w aː k + t o k,,Garcia1976,,,^ w aː k - t o k $,default
JNa-20_dry-1,,JNa,20_dry,wak-tuk,wak-tuk,w a k + t u k,,Garcia1967,,,^ w a k - t u k $,default
Pip-20_dry-1,,Pip,20_dry,waːk-tuk,waːk-tuk,w aː k + t u k,,Campbell1985,,,^ w aː k - t u k $,default
Poch-20_dry-1,,Poch,20_dry,wak,wak,w a k,,Boas1917,,,^ w a k $,default
PA-20_dry-1,,PA,20_dry,*waːk-,*waːk-,w aː k +,,Davletshin2012,,,^ * w aː k - $,default
CNa-21_ear-1,,CNa,21_ear,nakas-tli,nakas-tli,n a k a s + t l i,,Karttunen1983,,,^ n a k a s - t l i $,default
TNa-21_ear-1,,TNa,21_ear,-nakas,-nakas,+ n a k a s,,Brewer1966,,,^ - n a k a s $,default
NPN-21_ear-1,,NPN,21_ear,-nakas,-nakas,+ n a k a s,,Brockway2000,,,^ - n a k a s $,default
MNa-21_ear-1,,MNa,21_ear,nakas,nakas,n a k a s,,Wolgemuth2002,,,^ n a k a s $,default
PNa-21_ear-1,,PNa,21_ear,-nagas,-nagas,+ n a g a s,,Garcia1976,,,^ - n a g a s $,default
JNa-21_ear-1,,JNa,21_ear,-nakas,-nakas,+ n a k a s,,Garcia1967,,,^ - n a k a s $,default
Pip-21_ear-1,,Pip,21_ear,-nakas,-nakas,+ n a k a s,,Campbell1985,,,^ - n a k a s $,default
Poch-21_ear-1,,Poch,21_ear,nekés-t,nekés-t,n e k é/e s + t,,Boas1917,,,^ n e k é s - t $,default
PA-21_ear-1,,PA,21_ear,*nakas-tlɨ,*nakas-tlɨ,n a k a s + t l ɨ,,Davletshin2012,,,^ * n a k a s - t l ɨ $,default
CNa-22_earth-1,,CNa,22_earth,tlaːl-li,tlaːl-li,t l aː l + l i,,Karttunen1983,,,^ t l aː l - l i $,default
TNa-22_earth-1,,TNa,22_earth,tlöliː,tlöliː,t l ø l iː,,Brewer1966,,,^ t l ö l iː $,default
NPN-22_earth-1,,NPN,22_earth,tlali,tlali,t l a l i,,Brockway2000,,,^ t l a l i $,default
MNa-22_earth-1,,MNa,22_earth,taːhli,taːhli,t aː h l i,,Wolgemuth2002,,,^ t aːh l i $,default
PNa-22_earth-1,,PNa,22_earth,taːhli,taːhli,t aː h l i,,Garcia1976,,,^ t aːh l i $,default
JNa-22_earth-1,,JNa,22_earth,tahli,tahli,t a h l i,,Garcia1967,,,^ t ah l i $,default
Pip-22_earth-1,,Pip,22_earth,taːl,taːl,t aː l,,Campbell1985,,,^ t aː l $,default
Poch-22_earth-1,,Poch,22_earth,tal,tal,t a l,,Boas1917,,,^ t a l $,default
PA-22_earth-1,,PA,22_earth,*tlaːl-lɨ,*tlaːl-lɨ,t l aː l + l ɨ,,Davletshin2012,,,^ * t l aː l - l ɨ $,default
CNa-23_eat-1,,CNa,23_eat,-kwaː,-kwaː,+ k w aː,,Karttunen1983,,,^ - k w aː $,default
TNa-23_eat-1,,TNa,23_eat,-kwa,-kwa,+ k w a,,Brewer1966,,,^ - k w a $,default
NPN-23_eat-1,,NPN,23_eat,-kwa,-kwa,+ k w a,,Brockway2000,,,^ - k w a $,default
MNa-23_eat-1,,MNa,23_eat,-kwa,-kwa,+ k w a,,Wolgemuth2002,,,^ - k w a $,default
PNa-23_eat-1,,PNa,23_eat,-baː,-baː,+ b aː,,Garcia1976,,,^ - b aː $,default
JNa-23_eat-1,,JNa,23_eat,-bwaː,-bwaː,+ b w aː,,Garcia1967,,,^ - b w aː $,default
Pip-23_eat-1,,Pip,23_eat,kwa,kwa,k w a,,Campbell1985,,,^ k w a $,default
Poch-23_eat-1,,Poch,23_eat,kwa,kwa,k w a,,Boas1917,,,^ k w a $,default
PA-23_eat-1,,PA,23_eat,*-kwa-haː,*-kwa-haː,+ k w a + h aː,,Davletshin2012,,,^ * - k w a -h aː $,default
CNa-24_egg-1,,CNa,24_egg,toːtol-te-tl,toːtol-te-tl,t oː t o l + t e + t l,,Karttunen1983,,,^ t oː t o l - t e - t l $,default
TNa-24_egg-1,,TNa,24_egg,tutol-tetl,tutol-tetl,t u t o l + t e t l,,Brewer1966,,,^ t u t o l - t e t l $,default
NPN-24_egg-1,,NPN,24_egg,totol-te-tl,totol-te-tl,t o t o l + t e + t l,,Brockway2000,,,^ t o t o l - t e - t l $,default
MNa-24_egg-1,,MNa,24_egg,teksis,teksis,t e k s i s,,Wolgemuth2002,,,^ t e k s i s $,default
PNa-24_egg-1,,PNa,24_egg,teksis,teksis,t e k s i s,,Garcia1976,,,^ t e k s i s $,default
JNa-24_egg-1,,JNa,24_egg,pil-tzin,pil-tzin,p i l + t z i n,,Garcia1967,,,^ p i l - t z i n $,default
Pip-24_egg-1,,Pip,24_egg,teksis-ti,teksis-ti,t e k s i s + t i,,Campbell1985,,,^ t e k s i s - t i $,default
Poch-24_egg-1,,Poch,24_egg,ti-tó-t,ti-tó-t,t i + t ó/o + t,,Boas1917,,,^ t i - t ó - t $,default
CNa-25_eye-1,,CNa,25_eye,-iːx-teloloʔ,-iːx-teloloʔ,+ iː x + t e l o l o ʔ,,Karttunen1983,,,^ - iː x - t e l o l o ʔ $,default
TNa-25_eye-1,,TNa,25_eye,-ix-telolo,-ix-telolo,+ i x + t e l o l o,,Brewer1966,,,^ - i x - t e l o l o $,default
NPN-25_eye-1,,NPN,25_eye,-ix-telolo,-ix-telolo,+ i x + t e l o l o,,Brockway2000,,,^ - i x - t e l o l o $,default
MNa-25_eye-1,,MNa,25_eye,-iːx,-iːx,+ iː x,,Wolgemuth2002,,,^ - iː x $,default
PNa-25_eye-1,,PNa,25_eye,-iːx-tololo,-iːx-tololo,+ iː x + t o l o l o,,Garcia1976,,,^ - iː x - t o l o l o $,default
JNa-25_eye-1,,JNa,25_eye,-iːx,-iːx,+ iː x,,Garcia1967,,,^ - iː x $,default
Pip-25_eye-1,,Pip,25_eye,-iːx,-iːx,+ iː x,,Campbell1985,,,^ - iː x $,default
Poch-25_eye-1,,Poch,25_eye,ix-totolú-t,ix-totolú-t,i x + t o t o l ú/u + t,,Boas1917,,,^ i x - t o t o l ú - t $,default
PA-25_eye-1,,PA,25_eye,*-iːx,*-iːx,+ iː x,,Davletshin2012,,,^ * - iː x $,default
CNa-26_fatn-1,,CNa,26_fatn,chiyaːwis-tli,chiyaːwis-tli,tʃ i j aː w i s + t l i,,Karttunen1983,,,^ ch i y aː w i s - t l i $,default
TNa-26_fatn-1,,TNa,26_fatn,"manteka (Spanish loan), chiːyöwa",manteka,m a n t e k a,,Brewer1966,,,^ m a n t e k a $,default
NPN-26_fatn-1,,NPN,26_fatn,chiak-tli,chiak-tli,tʃ i a k + t l i,,Brockway2000,,,^ ch i a k - t l i $,default
MNa-26_fatn-1,,MNa,26_fatn,"-tomahka (su gordura), xeːpoh (de res, Spanish loan)",-tomahka,+ t o m a h k a,,Wolgemuth2002,,,^ - t o m ah k a $,default
PNa-26_fatn-1,,PNa,26_fatn,"mantega (Spanish loan), pagax (Spanish loan)",mantega,m a n t e g a,,Garcia1976,,,^ m a n t e g a $,default
JNa-26_fatn-1,,JNa,26_fatn,manteka (Spanish loan),manteka,m a n t e k a,,Garcia1967,,,^ m a n t e k a $,default
CNa-27_feather-1,,CNa,27_feather,ihwi-tl,ihwi-tl,i h w i + t l,,Karttunen1983,,,^ ih w i - t l $,default
TNa-27_feather-1,,TNa,27_feather,"tohmitl (su pluma, pelo: itohmeyo)",tohmitl,t o h m i t l,,Brewer1966,,,^ t oh m i t l $,default
NPN-27_feather-1,,NPN,27_feather,ihwi-tl,ihwi-tl,i h w i + t l,,Brockway2000,,,^ ih w i - t l $,default
MNa-27_feather-1,,MNa,27_feather,tzohmi-ʔ,tzohmi-ʔ,t z o h m i + ʔ,,Wolgemuth2002,,,^ t z oh m i - ʔ $,default
PNa-27_feather-1,,PNa,27_feather,tzohmi-t,tzohmi-t,t z o h m i + t,,Garcia1976,,,^ t z oh m i - t $,default
JNa-27_feather-1,,JNa,27_feather,iy-uhwi-yu,iy-uhwi-yu,i j + u h w i + j u,,Garcia1967,,,^ i y - uh w i - y u $,default
Pip-27_feather-1,,Pip,27_feather,-uhmi-yu,-uhmi-yu,+ u h m i + j u,,Campbell1985,,,^ - uh m i - y u $,default
PA-27_feather-1,,PA,27_feather,*-ɨ?wɨ,*-ɨ?wɨ,+ ɨ w ɨ,,Davletshin2012,,,^ * - ɨ ? w ɨ $,default
CNa-28_fire-1,,CNa,28_fire,tle-tl,tle-tl,t l e + t l,,Karttunen1983,,,^ t l e - t l $,default
TNa-28_fire-1,,TNa,28_fire,tle-tzin-tliː,tle-tzin-tliː,t l e + t z i n + t l iː,,Brewer1966,,,^ t l e - t z i n - t l iː $,default
NPN-28_fire-1,,NPN,28_fire,tle-tl,tle-tl,t l e + t l,,Brockway2000,,,^ t l e - t l $,default
MNa-28_fire-1,,MNa,28_fire,tiʔ-ti,tiʔ-ti,t i ʔ + t i,,Wolgemuth2002,,,^ t i ʔ - t i $,default
PNa-28_fire-1,,PNa,28_fire,ti-t,ti-t,t i + t,,Garcia1976,,,^ t i - t $,default
JNa-28_fire-1,,JNa,28_fire,ti-t,ti-t,t i + t,,Garcia1967,,,^ t i - t $,default
Pip-28_fire-1,,Pip,28_fire,tiː-t,tiː-t,t iː + t,,Campbell1985,,,^ t iː - t $,default
Poch-28_fire-1,,Poch,28_fire,te-t,te-t,t e + t,,Boas1917,,,^ t e - t $,default
PA-28_fire-1,,PA,28_fire,*tlahi-tl,*tlahi-tl,t l a h i + t l,,Davletshin2012,,,^ * t l ah i - t l $,default
CNa-29_fish-1,,CNa,29_fish,mich-in,mich-in,m i tʃ + i n,,Karttunen1983,,,^ m i ch - i n $,default
TNa-29_fish-1,,TNa,29_fish,miːchiː,miːchiː,m iː tʃ iː,,Brewer1966,,,^ m iː ch iː $,default
NPN-29_fish-1,,NPN,29_fish,michi,michi,m i tʃ i,,Brockway2000,,,^ m i ch i $,default
MNa-29_fish-1,,MNa,29_fish,toːpoh,toːpoh,t oː p o h,,Wolgemuth2002,,,^ t oː p oh $,default
PNa-29_fish-1,,PNa,29_fish,toːpoh,toːpoh,t oː p o h,,Garcia1976,,,^ t oː p oh $,default
JNa-29_fish-1,,JNa,29_fish,xeːneh,xeːneh,x eː n e h,,Garcia1967,,,^ x eː n eh $,default
Pip-29_fish-1,,Pip,29_fish,michin,michin,m i tʃ i n,,Campbell1985,,,^ m i ch i n $,default
Poch-29_fish-1,,Poch,29_fish,michóm,michóm,m i tʃ ó/o m,,Boas1917,,,^ m i ch ó m $,default
PA-29_fish-1,,PA,29_fish,*mɨ-chɨ-m,*mɨ-chɨ-m,m ɨ + tʃ ɨ + m,,Davletshin2012,,,^ * m ɨ - ch ɨ - m $,default
CNa-30_fly-1,,CNa,30_fly,patlaːn(i),patlaːn,p a t l aː n,,Karttunen1983,,,^ p a t l aː n $,default
TNa-30_fly-1,,TNa,30_fly,patlöni,patlöni,p a t l ø n i,,Brewer1966,,,^ p a t l ö n i $,default
NPN-30_fly-1,,NPN,30_fly,patlani,patlani,p a t l a n i,,Brockway2000,,,^ p a t l a n i $,default
MNa-30_fly-1,,MNa,30_fly,pataːni,pataːni,p a t aː n i,,Wolgemuth2002,,,^ p a t aː n i $,default
PNa-30_fly-1,,PNa,30_fly,pataːni,pataːni,p a t aː n i,,Garcia1976,,,^ p a t aː n i $,default
JNa-30_fly-1,,JNa,30_fly,parani,parani,p a r a n i,,Garcia1967,,,^ p a r a n i $,default
Pip-30_fly-1,,Pip,30_fly,pataːni,pataːni,p a t aː n i,,Campbell1985,,,^ p a t aː n i $,default
Poch-30_fly-1,,Poch,30_fly,patánk,patánk,p a t á/a n k,,Boas1917,,,^ p a t á n k $,default
PA-30_fly-1,,PA,30_fly,*patlaːni,*patlaːni,p a t l aː n i,,Davletshin2012,,,^ * p a t l aː n i $,default
CNa-31_foot-1,,CNa,31_foot,(i)kxi-tl,kxi-tl,k x i + t l,,Karttunen1983,,,^ k x i - t l $,default
TNa-31_foot-1,,TNa,31_foot,-ikxiː,-ikxiː,+ i k x iː,,Brewer1966,,,^ - i k x iː $,default
NPN-31_foot-1,,NPN,31_foot,-ikxi,-ikxi,+ i k x i,,Brockway2000,,,^ - i k x i $,default
MNa-31_foot-1,,MNa,31_foot,ikxi,ikxi,i k x i,,Wolgemuth2002,,,^ i k x i $,default
PNa-31_foot-1,,PNa,31_foot,-ikxi,-ikxi,+ i k x i,,Garcia1976,,,^ - i k x i $,default
JNa-31_foot-1,,JNa,31_foot,-ikxi,-ikxi,+ i k x i,,Garcia1967,,,^ - i k x i $,default
Pip-31_foot-1,,Pip,31_foot,(i)kxi,kxi,k x i,,Campbell1985,,,^ k x i $,default
Poch-31_foot-1,,Poch,31_foot,/no/-xói ‘mi pie’,no,n o,,Boas1917,,,^ n o $,default
PA-31_foot-1,,PA,31_foot,*-ɨkxɨ,*-ɨkxɨ,+ ɨ k x ɨ,,Davletshin2012,,,^ * - ɨ k x ɨ $,default
CNa-32_full-1,,CNa,32_full,teːn-tok,teːn-tok,t eː n + t o k,,Karttunen1983,,,^ t eː n - t o k $,default
TNa-32_full-1,,TNa,32_full,tien-tiːka,tien-tiːka,t i e n + t iː k a,,Brewer1966,,,^ t i e n - t iː k a $,default
NPN-32_full-1,,NPN,32_full,"ten-tok, temi",ten-tok,t e n + t o k,,Brockway2000,,,^ t e n - t o k $,default
MNa-32_full-1,,MNa,32_full,teːn-toʔ,teːn-toʔ,t eː n + t o ʔ,,Wolgemuth2002,,,^ t eː n - t o ʔ $,default
PNa-32_full-1,,PNa,32_full,teːn-tok,teːn-tok,t eː n + t o k,,Garcia1976,,,^ t eː n - t o k $,default
JNa-32_full-1,,JNa,32_full,neː-tik,neː-tik,n eː + t i k,,Garcia1967,,,^ n eː - t i k $,default
Pip-32_full-1,,Pip,32_full,teːn-tuk,teːn-tuk,t eː n + t u k,,Campbell1985,,,^ t eː n - t u k $,default
PA-32_full-1,,PA,32_full,*teːn-tok,*teːn-tok,t eː n + t o k,,Davletshin2012,,,^ * t eː n - t o k $,default
CNa-33_givetr-1,,CNa,33_givetr,-maka,-maka,+ m a k a,,Karttunen1983,,,^ - m a k a $,default
TNa-33_givetr-1,,TNa,33_givetr,-maka,-maka,+ m a k a,,Brewer1966,,,^ - m a k a $,default
NPN-33_givetr-1,,NPN,33_givetr,-maka,-maka,+ m a k a,,Brockway2000,,,^ - m a k a $,default
MNa-33_givetr-1,,MNa,33_givetr,-maka,-maka,+ m a k a,,Wolgemuth2002,,,^ - m a k a $,default
PNa-33_givetr-1,,PNa,33_givetr,-maga,-maga,+ m a g a,,Garcia1976,,,^ - m a g a $,default
JNa-33_givetr-1,,JNa,33_givetr,-ma,-ma,+ m a,,Garcia1967,,,^ - m a $,default
Pip-33_givetr-1,,Pip,33_givetr,-maka,-maka,+ m a k a,,Campbell1985,,,^ - m a k a $,default
Poch-33_givetr-1,,Poch,33_givetr,-meká,-meká,+ m e k á/a,,Boas1917,,,^ - m e k á $,default
PA-33_givetr-1,,PA,33_givetr,*-maka,*-maka,+ m a k a,,Davletshin2012,,,^ * - m a k a $,default
CNa-34_good-1,,CNa,34_good,kwal-li,kwal-li,k w a l + l i,,Karttunen1983,,,^ k w a l - l i $,default
TNa-34_good-1,,TNa,34_good,kwaliː,kwaliː,k w a l iː,,Brewer1966,,,^ k w a l iː $,default
NPN-34_good-1,,NPN,34_good,kwali,kwali,k w a l i,,Brockway2000,,,^ k w a l i $,default
MNa-34_good-1,,MNa,34_good,yeːk-ti,yeːk-ti,j eː k + t i,,Wolgemuth2002,,,^ y eː k - t i $,default
PNa-34_good-1,,PNa,34_good,yek-ti,yek-ti,j e k + t i,,Garcia1976,,,^ y e k - t i $,default
JNa-34_good-1,,JNa,34_good,yek-ti,yek-ti,j e k + t i,,Garcia1967,,,^ y e k - t i $,default
Pip-34_good-1,,Pip,34_good,yeːk,yeːk,j eː k,,Campbell1985,,,^ y eː k $,default
Poch-34_good-1,,Poch,34_good,"ulík (cf. CNa weːlik ‘something delicious, pleasing’)",ulík,u l í/i k,,Boas1917,,,^ u l í k $,default
PA-34_good-1,,PA,34_good,*yeːk-tlɨ,*yeːk-tlɨ,j eː k + t l ɨ,,Davletshin2012,,,^ * y eː k - t l ɨ $,default
CNa-34_good-2,,CNa,34_good,yek-tli,yek-tli,j e k + t l i,,Karttunen1983,,,^ y e k - t l i $,default
PA-34_good-2,,PA,34_good,*yeːk-tlɨ,*yeːk-tlɨ,j eː k + t l ɨ,,Davletshin2012,,,^ * y eː k - t l ɨ $,default
CNa-35_green-1,,CNa,35_green,xoxok-tik,xoxok-tik,x o x o k + t i k,,Karttunen1983,,,^ x o x o k - t i k $,default
TNa-35_green-1,,TNa,35_green,xoxok-tiːk,xoxok-tiːk,x o x o k + t iː k,,Brewer1966,,,^ x o x o k - t iː k $,default
NPN-35_green-1,,NPN,35_green,xoxok-tik,xoxok-tik,x o x o k + t i k,,Brockway2000,,,^ x o x o k - t i k $,default
MNa-35_green-1,,MNa,35_green,xoxok-tiʔ,xoxok-tiʔ,x o x o k + t i ʔ,,Wolgemuth2002,,,^ x o x o k - t i ʔ $,default
PNa-35_green-1,,PNa,35_green,xoxok-tik,xoxok-tik,x o x o k + t i k,,Garcia1976,,,^ x o x o k - t i k $,default
JNa-35_green-1,,JNa,35_green,xuxuí-k,xuxuí-k,x u x u í/i + k,,Garcia1967,,,^ x u x u í - k $,default
Pip-35_green-1,,Pip,35_green,xuxuwi-k,xuxuwi-k,x u x u w i + k,,Campbell1985,,,^ x u x u w i - k $,default
Poch-35_green-1,,Poch,35_green,xwi,xwi,x w i,,Boas1917,,,^ x w i $,default
CNa-36_hair-1,,CNa,36_hair,tzon-tli,tzon-tli,t z o n + t l i,,Karttunen1983,,,^ t z o n - t l i $,default
TNa-36_hair-1,,TNa,36_hair,tzon-tliː,tzon-tliː,t z o n + t l iː,,Brewer1966,,,^ t z o n - t l iː $,default
NPN-36_hair-1,,NPN,36_hair,tzon-tli,tzon-tli,t z o n + t l i,,Brockway2000,,,^ t z o n - t l i $,default
MNa-36_hair-1,,MNa,36_hair,tzon-kal,tzon-kal,t z o n + k a l,,Wolgemuth2002,,,^ t z o n - k a l $,default
PNa-36_hair-1,,PNa,36_hair,tzon-gal,tzon-gal,t z o n + g a l,,Garcia1976,,,^ t z o n - g a l $,default
JNa-36_hair-1,,JNa,36_hair,tzun-ti,tzun-ti,t z u n + t i,,Garcia1967,,,^ t z u n - t i $,default
Pip-36_hair-1,,Pip,36_hair,tzun-kal,tzun-kal,t z u n + k a l,,Campbell1985,,,^ t z u n - k a l $,default
Poch-36_hair-1,,Poch,36_hair,tzon,tzon,t z o n,,Boas1917,,,^ t z o n $,default
PA-36_hair-1,,PA,36_hair,*-tzom,*-tzom,+ t z o m,,Davletshin2012,,,^ * - t z o m $,default
CNa-37_hand-1,,CNa,37_hand,-maː,-maː,+ m aː,,Karttunen1983,,,^ - m aː $,default
TNa-37_hand-1,,TNa,37_hand,-mö,-mö,+ m ø,,Brewer1966,,,^ - m ö $,default
NPN-37_hand-1,,NPN,37_hand,-ma-n,-ma-n,+ m a + n,,Brockway2000,,,^ - m a - n $,default
MNa-37_hand-1,,MNa,37_hand,mayiʔ,mayiʔ,m a j i ʔ,,Wolgemuth2002,,,^ m a y i ʔ $,default
PNa-37_hand-1,,PNa,37_hand,-maː,-maː,+ m aː,,Garcia1976,,,^ - m aː $,default
JNa-37_hand-1,,JNa,37_hand,-maː-n,-maː-n,+ m aː + n,,Garcia1967,,,^ - m aː - n $,default
Pip-37_hand-1,,Pip,37_hand,-mey,-mey,+ m e j,,Campbell1985,,,^ - m e y $,default
Poch-37_hand-1,,Poch,37_hand,maí,maí,m a í/i,,Boas1917,,,^ m a í $,default
PA-37_hand-1,,PA,37_hand,*-mah,*-mah,+ m a h,,Davletshin2012,,,^ * - m ah $,default
CNa-38_head-1,,CNa,38_head,kwaː(i)-tl,kwaː-tl,k w aː + t l,,Karttunen1983,,,^ k w aː - t l $,default
TNa-38_head-1,,TNa,38_head,-tzon-teko,-tzon-teko,+ t z o n + t e k o,,Brewer1966,,,^ - t z o n - t e k o $,default
NPN-38_head-1,,NPN,38_head,-tzon-teko,-tzon-teko,+ t z o n + t e k o,,Brockway2000,,,^ - t z o n - t e k o $,default
MNa-38_head-1,,MNa,38_head,-tzon-tekon,-tzon-tekon,+ t z o n + t e k o n,,Wolgemuth2002,,,^ - t z o n - t e k o n $,default
PNa-38_head-1,,PNa,38_head,-tzon-tegon,-tzon-tegon,+ t z o n + t e g o n,,Garcia1976,,,^ - t z o n - t e g o n $,default
JNa-38_head-1,,JNa,38_head,tzun-tekon,tzun-tekon,t z u n + t e k o n,,Garcia1967,,,^ t z u n - t e k o n $,default
Pip-38_head-1,,Pip,38_head,tzun-tekuma-t,tzun-tekuma-t,t z u n + t e k u m a + t,,Campbell1985,,,^ t z u n - t e k u m a - t $,default
Poch-38_head-1,,Poch,38_head,kwaí-t,kwaí-t,k w a í/i + t,,Boas1917,,,^ k w a í - t $,default
PA-38_head-1,,PA,38_head,*-kwah,*-kwah,+ k w a h,,Davletshin2012,,,^ * - k w ah $,default
CNa-39_hear-1,,CNa,39_hear,-kak(i),-kak,+ k a k,,Karttunen1983,,,^ - k a k $,default
TNa-39_hear-1,,TNa,39_hear,-kakiː,-kakiː,+ k a k iː,,Brewer1966,,,^ - k a k iː $,default
NPN-39_hear-1,,NPN,39_hear,-kaki,-kaki,+ k a k i,,Brockway2000,,,^ - k a k i $,default
MNa-39_hear-1,,MNa,39_hear,-kaki,-kaki,+ k a k i,,Wolgemuth2002,,,^ - k a k i $,default
PNa-39_hear-1,,PNa,39_hear,-gagi,-gagi,+ g a g i,,Garcia1976,,,^ - g a g i $,default
JNa-39_hear-1,,JNa,39_hear,-kai,-kai,+ k a i,,Garcia1967,,,^ - k a i $,default
Pip-39_hear-1,,Pip,39_hear,-kaːki,-kaːki,+ k aː k i,,Campbell1985,,,^ - k aː k i $,default
Poch-39_hear-1,,Poch,39_hear,-kekí,-kekí,+ k e k í/i,,Boas1917,,,^ - k e k í $,default
PA-39_hear-1,,PA,39_hear,*-kaki,*-kaki,+ k a k i,,Davletshin2012,,,^ * - k a k i $,default
CNa-40_heart-1,,CNa,40_heart,yoːl-li,yoːl-li,j oː l + l i,,Karttunen1983,,,^ y oː l - l i $,default
TNa-40_heart-1,,TNa,40_heart,yuloh-tliː,yuloh-tliː,j u l o h + t l iː,,Brewer1966,,,^ y u l oh - t l iː $,default
NPN-40_heart-1,,NPN,40_heart,-yol-o,-yol-o,+ j o l + o,,Brockway2000,,,^ - y o l - o $,default
MNa-40_heart-1,,MNa,40_heart,-yaːlmah (Spanish loan),-yaːlmah,+ j aː l m a h,,Wolgemuth2002,,,^ - y aː l m ah $,default
PNa-40_heart-1,,PNa,40_heart,-alma (Spanish loan),-alma,+ a l m a,,Garcia1976,,,^ - a l m a $,default
JNa-40_heart-1,,JNa,40_heart,yuh-lu,yuh-lu,j u h + l u,,Garcia1967,,,^ y uh - l u $,default
Pip-40_heart-1,,Pip,40_heart,-yu(ː)l,-yul,+ j u l,,Campbell1985,,,^ - y u l $,default
Poch-40_heart-1,,Poch,40_heart,/n/-olyú (mi corazón),n,n,,Boas1917,,,^ n $,default
PA-40_heart-1,,PA,40_heart,*-yoːl,*-yoːl,+ j oː l,,Davletshin2012,,,^ * - y oː l $,default
CNa-41_horn-1,,CNa,41_horn,kwaːkwaw(i)-tl,kwaːkwaw-tl,k w aː k w a w + t l,,Karttunen1983,,,^ k w aː k w a w - t l $,default
NPN-41_horn-1,,NPN,41_horn,-kwakow,-kwakow,+ k w a k o w,,Brockway2000,,,^ - k w a k o w $,default
MNa-41_horn-1,,MNa,41_horn,kwaːkwa,kwaːkwa,k w aː k w a,,Wolgemuth2002,,,^ k w aː k w a $,default
PNa-41_horn-1,,PNa,41_horn,-baːbaː,-baːbaː,+ b aː b aː,,Garcia1976,,,^ - b aː b aː $,default
JNa-41_horn-1,,JNa,41_horn,kokoit,kokoit,k o k o i t,,Garcia1967,,,^ k o k o i t $,default
Pip-41_horn-1,,Pip,41_horn,-kachoh (Spanish loan),-kachoh,+ k a tʃ o h,,Campbell1985,,,^ - k a ch oh $,default
CNa-42_i-1,,CNa,42_i,neʔwaː-tl,neʔwaː-tl,n e ʔ w aː + t l,,Karttunen1983,,,^ n e ʔ w aː - t l $,default
TNa-42_i-1,,TNa,42_i,naha,naha,n a h a,,Brewer1966,,,^ n ah a $,default
NPN-42_i-1,,NPN,42_i,nehwa-tl,nehwa-tl,n e h w a + t l,,Brockway2000,,,^ n eh w a - t l $,default
MNa-42_i-1,,MNa,42_i,neh,neh,n e h,,Wolgemuth2002,,,^ n eh $,default
PNa-42_i-1,,PNa,42_i,neha,neha,n e h a,,Garcia1976,,,^ n eh a $,default
JNa-42_i-1,,JNa,42_i,nehe,nehe,n e h e,,Garcia1967,,,^ n eh e $,default
Pip-42_i-1,,Pip,42_i,na ~ nah ~ naha,na,n a,,Campbell1985,,,^ n a $,default
Poch-42_i-1,,Poch,42_i,nen,nen,n e n,,Boas1917,,,^ n e n $,default
PA-42_i-1,,PA,42_i,*naha,*naha,n a h a,,Davletshin2012,,,^ * n ah a $,default
CNa-43_kill-1,,CNa,43_kill,-mikiː-tiaː,-mikiː-tiaː,+ m i k iː + t i aː,,Karttunen1983,,,^ - m i k iː - t i aː $,default
TNa-43_kill-1,,TNa,43_kill,-miːk-tiːa,-miːk-tiːa,+ m iː k + t iː a,,Brewer1966,,,^ - m iː k - t iː a $,default
NPN-43_kill-1,,NPN,43_kill,-mik-tia,-mik-tia,+ m i k + t i a,,Brockway2000,,,^ - m i k - t i a $,default
MNa-43_kill-1,,MNa,43_kill,-mik-tia,-mik-tia,+ m i k + t i a,,Wolgemuth2002,,,^ - m i k - t i a $,default
PNa-43_kill-1,,PNa,43_kill,-mik-tia,-mik-tia,+ m i k + t i a,,Garcia1976,,,^ - m i k - t i a $,default
JNa-43_kill-1,,JNa,43_kill,-mik-ti,-mik-ti,+ m i k + t i,,Garcia1967,,,^ - m i k - t i $,default
Pip-43_kill-1,,Pip,43_kill,-mik-tia,-mik-tia,+ m i k + t i a,,Campbell1985,,,^ - m i k - t i a $,default
Poch-43_kill-1,,Poch,43_kill,moktí,moktí,m o k t í/i,,Boas1917,,,^ m o k t í $,default
PA-43_kill-1,,PA,43_kill,*mɨk-tɨ-ha,*mɨk-tɨ-ha,m ɨ k + t ɨ + h a,,Davletshin2012,,,^ * m ɨ k - t ɨ -h a $,default
CNa-44_knee-1,,CNa,44_knee,tlan-kwai-,tlan-kwai-,t l a n + k w a i +,,Karttunen1983,,,^ t l a n - k w a i - $,default
TNa-44_knee-1,,TNa,44_knee,-tlan-kwate,-tlan-kwate,+ t l a n + k w a t e,,Brewer1966,,,^ - t l a n - k w a t e $,default
NPN-44_knee-1,,NPN,44_knee,-tlan-kwa,-tlan-kwa,+ t l a n + k w a,,Brockway2000,,,^ - t l a n - k w a $,default
MNa-44_knee-1,,MNa,44_knee,tan-kwaː-ʔ,tan-kwaː-ʔ,t a n + k w aː + ʔ,,Wolgemuth2002,,,^ t a n - k w aː - ʔ $,default
PNa-44_knee-1,,PNa,44_knee,-tam-ba,-tam-ba,+ t a m + b a,,Garcia1976,,,^ - t a m - b a $,default
JNa-44_knee-1,,JNa,44_knee,-tam-bwa-n,-tam-bwa-n,+ t a m + b w a + n,,Garcia1967,,,^ - t a m - b w a - n $,default
Pip-44_knee-1,,Pip,44_knee,-tewahka,-tewahka,+ t e w a h k a,,Campbell1985,,,^ - t e w ah k a $,default
PA-44_knee-1,,PA,44_knee,*-tlan-kwah,*-tlan-kwah,+ t l a n + k w a h,,Davletshin2012,,,^ * - t l a n - k w ah $,default
CNa-45_know-1,,CNa,45_know,mat(i),mat,m a t,,Karttunen1983,,,^ m a t $,default
TNa-45_know-1,,TNa,45_know,-matiː,-matiː,+ m a t iː,,Brewer1966,,,^ - m a t iː $,default
NPN-45_know-1,,NPN,45_know,-mati,-mati,+ m a t i,,Brockway2000,,,^ - m a t i $,default
MNa-45_know-1,,MNa,45_know,-mati,-mati,+ m a t i,,Wolgemuth2002,,,^ - m a t i $,default
PNa-45_know-1,,PNa,45_know,-mati,-mati,+ m a t i,,Garcia1976,,,^ - m a t i $,default
JNa-45_know-1,,JNa,45_know,-ma,-ma,+ m a,,Garcia1967,,,^ - m a $,default
Pip-45_know-1,,Pip,45_know,-mati,-mati,+ m a t i,,Campbell1985,,,^ - m a t i $,default
Poch-45_know-1,,Poch,45_know,metí,metí,m e t í/i,,Boas1917,,,^ m e t í $,default
PA-45_know-1,,PA,45_know,*mati,*mati,m a t i,,Davletshin2012,,,^ * m a t i $,default
CNa-46_leaf-1,,CNa,46_leaf,iswa-tl,iswa-tl,i s w a + t l,,Karttunen1983,,,^ i s w a - t l $,default
TNa-46_leaf-1,,TNa,46_leaf,xiːbiːtl,xiːbiːtl,x iː b iː t l,,Brewer1966,,,^ x iː b iː t l $,default
NPN-46_leaf-1,,NPN,46_leaf,xiwi-tl,xiwi-tl,x i w i + t l,,Brockway2000,,,^ x i w i - t l $,default
MNa-46_leaf-1,,MNa,46_leaf,iswaʔ,iswaʔ,i s w a ʔ,,Wolgemuth2002,,,^ i s w a ʔ $,default
PNa-46_leaf-1,,PNa,46_leaf,-iswa-t,-iswa-t,+ i s w a + t,,Garcia1976,,,^ - i s w a - t $,default
JNa-46_leaf-1,,JNa,46_leaf,iswa-t,iswa-t,i s w a + t,,Garcia1967,,,^ i s w a - t $,default
Pip-46_leaf-1,,Pip,46_leaf,iswa-t,iswa-t,i s w a + t,,Campbell1985,,,^ i s w a - t $,default
Poch-46_leaf-1,,Poch,46_leaf,xut,xut,x u t,,Boas1917,,,^ x u t $,default
PA-46_leaf-1,,PA,46_leaf,*ɨswa-tl,*ɨswa-tl,ɨ s w a + t l,,Davletshin2012,,,^ * ɨ s w a - t l $,default
CNa-47_lie-1,,CNa,47_lie,mo-teːka,mo-teːka,m o + t eː k a,,Karttunen1983,,,^ m o - t eː k a $,default
TNa-47_lie-1,,TNa,47_lie,mo-tieka,mo-tieka,m o + t i e k a,,Brewer1966,,,^ m o - t i e k a $,default
NPN-47_lie-1,,NPN,47_lie,mo-teka,mo-teka,m o + t e k a,,Brockway2000,,,^ m o - t e k a $,default
MNa-47_lie-1,,MNa,47_lie,mo-teːca,mo-teːca,m o + t eː c a,,Wolgemuth2002,,,^ m o - t eː c a $,default
PNa-47_lie-1,,PNa,47_lie,mo-tega,mo-tega,m o + t e g a,,Garcia1976,,,^ m o - t e g a $,default
JNa-47_lie-1,,JNa,47_lie,mu-reka-k (acos- tado),mu-reka-k,m u + r e k a + k,,Garcia1967,,,^ m u - r e k a - k $,default
Pip-47_lie-1,,Pip,47_lie,mu-teːka,mu-teːka,m u + t eː k a,,Campbell1985,,,^ m u - t eː k a $,default
Poch-47_lie-1,,Poch,47_lie,teké,teké,t e k é/e,,Boas1917,,,^ t e k é $,default
PA-47_lie-1,,PA,47_lie,*mo-teːka,*mo-teːka,m o + t eː k a,,Davletshin2012,,,^ * m o - t eː k a $,default
CNa-48_liver-1,,CNa,48_liver,eːl-li,eːl-li,eː l + l i,,Karttunen1983,,,^ eː l - l i $,default
NPN-48_liver-1,,NPN,48_liver,-yel-tlapach,-yel-tlapach,+ j e l + t l a p a tʃ,,Brockway2000,,,^ - y e l - t l a p a ch $,default
MNa-48_liver-1,,MNa,48_liver,-yoːl,-yoːl,+ j oː l,,Wolgemuth2002,,,^ - y oː l $,default
Pip-48_liver-1,,Pip,48_liver,-el-tapach,-el-tapach,+ e l + t a p a tʃ,,Campbell1985,,,^ - e l - t a p a ch $,default
CNa-49_long-1,,CNa,49_long,weːiyak,weːiyak,w eː i j a k,,Karttunen1983,,,^ w eː i y a k $,default
TNa-49_long-1,,TNa,49_long,beyak,beyak,b e j a k,,Brewer1966,,,^ b e y a k $,default
NPN-49_long-1,,NPN,49_long,weyak,weyak,w e j a k,,Brockway2000,,,^ w e y a k $,default
MNa-49_long-1,,MNa,49_long,weːyaktiʔ,weːyaktiʔ,w eː j a k t i ʔ,,Wolgemuth2002,,,^ w eː y a k t i ʔ $,default
PNa-49_long-1,,PNa,49_long,weːyak,weːyak,w eː j a k,,Garcia1976,,,^ w eː y a k $,default
JNa-49_long-1,,JNa,49_long,weyak,weyak,w e j a k,,Garcia1967,,,^ w e y a k $,default
Pip-49_long-1,,Pip,49_long,weyak,weyak,w e j a k,,Campbell1985,,,^ w e y a k $,default
PA-49_long-1,,PA,49_long,*weheya-k,*weheya-k,w e h e j a + k,,Davletshin2012,,,^ * w eh e y a - k $,default
CNa-50_louse-1,,CNa,50_louse,atemi-tl,atemi-tl,a t e m i + t l,,Karttunen1983,,,^ a t e m i - t l $,default
TNa-50_louse-1,,TNa,50_louse,atiːmiː-tl,atiːmiː-tl,a t iː m iː + t l,,Brewer1966,,,^ a t iː m iː - t l $,default
NPN-50_louse-1,,NPN,50_louse,pioho (Spanish loan),pioho,p i o h o,,Brockway2000,,,^ p i oh o $,default
MNa-50_louse-1,,MNa,50_louse,atimiʔ,atimiʔ,a t i m i ʔ,,Wolgemuth2002,,,^ a t i m i ʔ $,default
PNa-50_louse-1,,PNa,50_louse,aːtin,aːtin,aː t i n,,Garcia1976,,,^ aː t i n $,default
JNa-50_louse-1,,JNa,50_louse,aːtin,aːtin,aː t i n,,Garcia1967,,,^ aː t i n $,default
Pip-50_louse-1,,Pip,50_louse,atime-t,atime-t,a t i m e + t,,Campbell1985,,,^ a t i m e - t $,default
Poch-50_louse-1,,Poch,50_louse,atóm-t,atóm-t,a t ó/o m + t,,Boas1917,,,^ a t ó m - t $,default
PA-50_louse-1,,PA,50_louse,*atɨmɨ-tl,*atɨmɨ-tl,a t ɨ m ɨ + t l,,Davletshin2012,,,^ * a t ɨ m ɨ - t l $,default
CNa-51_man-1,,CNa,51_man,"taːka-tl, okich-tli",taːka-tl,t aː k a + t l,,Karttunen1983,,,^ t aː k a - t l $,default
TNa-51_man-1,,TNa,51_man,"umbre (Spanish loan), tlöca-tl",umbre,u m b r e,,Brewer1966,,,^ u m b r e $,default
NPN-51_man-1,,NPN,51_man,tlakatl,tlakatl,t l a k a t l,,Brockway2000,,,^ t l a k a t l $,default
MNa-51_man-1,,MNa,51_man,taːga-ʔ,taːga-ʔ,t aː g a + ʔ,,Wolgemuth2002,,,^ t aː g a - ʔ $,default
PNa-51_man-1,,PNa,51_man,taːga-t,taːga-t,t aː g a + t,,Garcia1976,,,^ t aː g a - t $,default
JNa-51_man-1,,JNa,51_man,taːka-t,taːka-t,t aː k a + t,,Garcia1967,,,^ t aː k a - t $,default
Pip-51_man-1,,Pip,51_man,taːka-t,taːka-t,t aː k a + t,,Campbell1985,,,^ t aː k a - t $,default
Poch-51_man-1,,Poch,51_man,"okóx-t, teké-t",okóx-t,o k ó/o x + t,,Boas1917,,,^ o k ó x - t $,default
PA-51_man-1,,PA,51_man,*tlaːka-tl,*tlaːka-tl,t l aː k a + t l,,Davletshin2012,,,^ * t l aː k a - t l $,default
CNa-52_many-1,,CNa,52_many,miakiːn ~ miakiːntiːn ~ miaktiːn ~ miːmiak,miakiːn,m i a k iː n,,Karttunen1983,,,^ m i a k iː n $,default
TNa-52_many-1,,TNa,52_many,meyak,meyak,m e j a k,,Brewer1966,,,^ m e y a k $,default
NPN-52_many-1,,NPN,52_many,miak,miak,m i a k,,Brockway2000,,,^ m i a k $,default
MNa-52_many-1,,MNa,52_many,"miaʔ (mucho), miakeh (muchos)",miaʔ,m i a ʔ,,Wolgemuth2002,,,^ m i a ʔ $,default
PNa-52_many-1,,PNa,52_many,miak (muchos),miak,m i a k,,Garcia1976,,,^ m i a k $,default
JNa-52_many-1,,JNa,52_many,miakpa (muchos),miakpa,m i a k p a,,Garcia1967,,,^ m i a k p a $,default
Pip-52_many-1,,Pip,52_many,"miyak (mucho, muchos, bastante)",miyak,m i j a k,,Campbell1985,,,^ m i y a k $,default
Poch-52_many-1,,Poch,52_many,"asók (mucho, muchos, muy)",asók,a s ó/o k,,Boas1917,,,^ a s ó k $,default
PA-52_many-1,,PA,52_many,*mɨyak,*mɨyak,m ɨ j a k,,Davletshin2012,,,^ * m ɨ y a k $,default
CNa-53_meat-1,,CNa,53_meat,naka-tl,naka-tl,n a k a + t l,,Karttunen1983,,,^ n a k a - t l $,default
TNa-53_meat-1,,TNa,53_meat,naka-tl,naka-tl,n a k a + t l,,Brewer1966,,,^ n a k a - t l $,default
NPN-53_meat-1,,NPN,53_meat,naka-tl,naka-tl,n a k a + t l,,Brockway2000,,,^ n a k a - t l $,default
MNa-53_meat-1,,MNa,53_meat,naka-ʔ,naka-ʔ,n a k a + ʔ,,Wolgemuth2002,,,^ n a k a - ʔ $,default
PNa-53_meat-1,,PNa,53_meat,naga-t,naga-t,n a g a + t,,Garcia1976,,,^ n a g a - t $,default
JNa-53_meat-1,,JNa,53_meat,naka-t,naka-t,n a k a + t,,Garcia1967,,,^ n a k a - t $,default
Pip-53_meat-1,,Pip,53_meat,naka-t,naka-t,n a k a + t,,Campbell1985,,,^ n a k a - t $,default
Poch-53_meat-1,,Poch,53_meat,"neké-t (esta carne está manida), tutú-t (carne para comer)",neké-t,n e k é/e + t,,Boas1917,,,^ n e k é - t $,default
PA-53_meat-1,,PA,53_meat,*naka-tl,*naka-tl,n a k a + t l,,Davletshin2012,,,^ * n a k a - t l $,default
CNa-54_moon-1,,CNa,54_moon,meːtz-tli,meːtz-tli,m eː t z + t l i,,Karttunen1983,,,^ m eː t z - t l i $,default
TNa-54_moon-1,,TNa,54_moon,mietz-tliː,mietz-tliː,m i e t z + t l iː,,Brewer1966,,,^ m i e t z - t l iː $,default
NPN-54_moon-1,,NPN,54_moon,metz-tli,metz-tli,m e t z + t l i,,Brockway2000,,,^ m e t z - t l i $,default
MNa-54_moon-1,,MNa,54_moon,"meːtz-ti, to-yeː-tzin (lit. ‘nuesta madrecita’)",meːtz-ti,m eː t z + t i,,Wolgemuth2002,,,^ m eː t z - t i $,default
PNa-54_moon-1,,PNa,54_moon,"meːs-ti, to-yeː-tzin",meːs-ti,m eː s + t i,,Garcia1976,,,^ m eː s - t i $,default
JNa-54_moon-1,,JNa,54_moon,meːtz-ti,meːtz-ti,m eː t z + t i,,Garcia1967,,,^ m eː t z - t i $,default
Pip-54_moon-1,,Pip,54_moon,meːtz-ti,meːtz-ti,m eː t z + t i,,Campbell1985,,,^ m eː t z - t i $,default
Poch-54_moon-1,,Poch,54_moon,mes-t,mes-t,m e s + t,,Boas1917,,,^ m e s - t $,default
PA-54_moon-1,,PA,54_moon,*meːtz-tlɨ,*meːtz-tlɨ,m eː t z + t l ɨ,,Davletshin2012,,,^ * m eː t z - t l ɨ $,default
CNa-55_mountain-1,,CNa,55_mountain,tepeː-tl,tepeː-tl,t e p eː + t l,,Karttunen1983,,,^ t e p eː - t l $,default
TNa-55_mountain-1,,TNa,55_mountain,tepie-tl,tepie-tl,t e p i e + t l,,Brewer1966,,,^ t e p i e - t l $,default
NPN-55_mountain-1,,NPN,55_mountain,tepe-tl,tepe-tl,t e p e + t l,,Brockway2000,,,^ t e p e - t l $,default
MNa-55_mountain-1,,MNa,55_mountain,tepeː-ʔ,tepeː-ʔ,t e p eː + ʔ,,Wolgemuth2002,,,^ t e p eː - ʔ $,default
PNa-55_mountain-1,,PNa,55_mountain,tepeː-t,tepeː-t,t e p eː + t,,Garcia1976,,,^ t e p eː - t $,default
Pip-55_mountain-1,,Pip,55_mountain,tepeː-t,tepeː-t,t e p eː + t,,Campbell1985,,,^ t e p eː - t $,default
PA-55_mountain-1,,PA,55_mountain,*tɨpeː-tl,*tɨpeː-tl,t ɨ p eː + t l,,Davletshin2012,,,^ * t ɨ p eː - t l $,default
CNa-56_mouth-1,,CNa,56_mouth,kam(a)-tl,kam-tl,k a m + t l,,Karttunen1983,,,^ k a m - t l $,default
TNa-56_mouth-1,,TNa,56_mouth,-kama-k,-kama-k,+ k a m a + k,,Brewer1966,,,^ - k a m a - k $,default
NPN-56_mouth-1,,NPN,56_mouth,-kama-k,-kama-k,+ k a m a + k,,Brockway2000,,,^ - k a m a - k $,default
MNa-56_mouth-1,,MNa,56_mouth,-teːn,-teːn,+ t eː n,,Wolgemuth2002,,,^ - t eː n $,default
PNa-56_mouth-1,,PNa,56_mouth,-teːn,-teːn,+ t eː n,,Garcia1976,,,^ - t eː n $,default
JNa-56_mouth-1,,JNa,56_mouth,-teːn,-teːn,+ t eː n,,Garcia1967,,,^ - t eː n $,default
Pip-56_mouth-1,,Pip,56_mouth,-teːn,-teːn,+ t eː n,,Campbell1985,,,^ - t eː n $,default
Poch-56_mouth-1,,Poch,56_mouth,ten,ten,t e n,,Boas1917,,,^ t e n $,default
PA-56_mouth-1,,PA,56_mouth,*teːn-tlɨ,*teːn-tlɨ,t eː n + t l ɨ,,Davletshin2012,,,^ * t eː n - t l ɨ $,default
CNa-57_name-1,,CNa,57_name,toːkaː(i)-tl,toːkaː-tl,t oː k aː + t l,,Karttunen1983,,,^ t oː k aː - t l $,default
TNa-57_name-1,,TNa,57_name,-tukö,-tukö,+ t u k ø,,Brewer1966,,,^ - t u k ö $,default
NPN-57_name-1,,NPN,57_name,tokah-tli,tokah-tli,t o k a h + t l i,,Brockway2000,,,^ t o k ah - t l i $,default
MNa-57_name-1,,MNa,57_name,toːkaː-ʔ,toːkaː-ʔ,t oː k aː + ʔ,,Wolgemuth2002,,,^ t oː k aː - ʔ $,default
PNa-57_name-1,,PNa,57_name,-toga,-toga,+ t o g a,,Garcia1976,,,^ - t o g a $,default
JNa-57_name-1,,JNa,57_name,tuwa-n,tuwa-n,t u w a + n,,Garcia1967,,,^ t u w a - n $,default
Pip-57_name-1,,Pip,57_name,-tuːkey,-tuːkey,+ t uː k e j,,Campbell1985,,,^ - t uː k e y $,default
Poch-57_name-1,,Poch,57_name,kul,kul,k u l,,Boas1917,,,^ k u l $,default
PA-57_name-1,,PA,57_name,*toːkaːhɨ-tl,*toːkaːhɨ-tl,t oː k aː h ɨ + t l,,Davletshin2012,,,^ * t oː k aːh ɨ - t l $,default
CNa-58_neck-1,,CNa,58_neck,kech-tli,kech-tli,k e tʃ + t l i,,Karttunen1983,,,^ k e ch - t l i $,default
TNa-58_neck-1,,TNa,58_neck,-kech-kochtla,-kech-kochtla,+ k e tʃ + k o tʃ t l a,,Brewer1966,,,^ - k e ch - k o ch t l a $,default
NPN-58_neck-1,,NPN,58_neck,-kech,-kech,+ k e tʃ,,Brockway2000,,,^ - k e ch $,default
MNa-58_neck-1,,MNa,58_neck,-kech,-kech,+ k e tʃ,,Wolgemuth2002,,,^ - k e ch $,default
PNa-58_neck-1,,PNa,58_neck,-geːch,-geːch,+ g eː tʃ,,Garcia1976,,,^ - g eː ch $,default
JNa-58_neck-1,,JNa,58_neck,-kech,-kech,+ k e tʃ,,Garcia1967,,,^ - k e ch $,default
Pip-58_neck-1,,Pip,58_neck,-kech-kuːyu,-kech-kuːyu,+ k e tʃ + k uː j u,,Campbell1985,,,^ - k e ch - k uː y u $,default
Poch-58_neck-1,,Poch,58_neck,kox-t (pescuezo),kox-t,k o x + t,,Boas1917,,,^ k o x - t $,default
PA-58_neck-1,,PA,58_neck,*kəch-tlɨ,*kəch-tlɨ,k ə tʃ + t l ɨ,,Davletshin2012,,,^ * k ə ch - t l ɨ $,default
CNa-59_new-1,,CNa,59_new,yankwi-k,yankwi-k,j a n k w i + k,,Karttunen1983,,,^ y a n k w i - k $,default
TNa-59_new-1,,TNa,59_new,yankwiː-k,yankwiː-k,j a n k w iː + k,,Brewer1966,,,^ y a n k w iː - k $,default
NPN-59_new-1,,NPN,59_new,yankwi-k,yankwi-k,j a n k w i + k,,Brockway2000,,,^ y a n k w i - k $,default
MNa-59_new-1,,MNa,59_new,yamkwi-ʔ,yamkwi-ʔ,j a m k w i + ʔ,,Wolgemuth2002,,,^ y a m k w i - ʔ $,default
PNa-59_new-1,,PNa,59_new,yambi-k,yambi-k,j a m b i + k,,Garcia1976,,,^ y a m b i - k $,default
JNa-59_new-1,,JNa,59_new,yambwi-k,yambwi-k,j a m b w i + k,,Garcia1967,,,^ y a m b w i - k $,default
Pip-59_new-1,,Pip,59_new,yankwi-k,yankwi-k,j a n k w i + k,,Campbell1985,,,^ y a n k w i - k $,default
PA-59_new-1,,PA,59_new,*yankwi-k,*yankwi-k,j a n k w i + k,,Davletshin2012,,,^ * y a n k w i - k $,default
CNa-60_night-1,,CNa,60_night,yowal-li,yowal-li,j o w a l + l i,,Karttunen1983,,,^ y o w a l - l i $,default
TNa-60_night-1,,TNa,60_night,yowaliː,yowaliː,j o w a l iː,,Brewer1966,,,^ y o w a l iː $,default
NPN-60_night-1,,NPN,60_night,yowali,yowali,j o w a l i,,Brockway2000,,,^ y o w a l i $,default
MNa-60_night-1,,MNa,60_night,yowal,yowal,j o w a l,,Wolgemuth2002,,,^ y o w a l $,default
PNa-60_night-1,,PNa,60_night,ta-yoá,ta-yoá,t a + j o á/a,,Garcia1976,,,^ t a - y o á $,default
JNa-60_night-1,,JNa,60_night,ta-yuwa-k,ta-yuwa-k,t a + j u w a + k,,Garcia1967,,,^ t a - y u w a - k $,default
Pip-60_night-1,,Pip,60_night,ta-yuwa,ta-yuwa,t a + j u w a,,Campbell1985,,,^ t a - y u w a $,default
Poch-60_night-1,,Poch,60_night,owél,owél,o w é/e l,,Boas1917,,,^ o w é l $,default
PA-60_night-1,,PA,60_night,*yowal-lɨ,*yowal-lɨ,j o w a l + l ɨ,,Davletshin2012,,,^ * y o w a l - l ɨ $,default
CNa-61_nose-1,,CNa,61_nose,yak(a)-tl,yak-tl,j a k + t l,,Karttunen1983,,,^ y a k - t l $,default
TNa-61_nose-1,,TNa,61_nose,-yeka-tzol,-yeka-tzol,+ j e k a + t z o l,,Brewer1966,,,^ - y e k a - t z o l $,default
NPN-61_nose-1,,NPN,61_nose,-yeka-k,-yeka-k,+ j e k a + k,,Brockway2000,,,^ - y e k a - k $,default
MNa-61_nose-1,,MNa,61_nose,yak-ti,yak-ti,j a k + t i,,Wolgemuth2002,,,^ y a k - t i $,default
PNa-61_nose-1,,PNa,61_nose,yaga-t,yaga-t,j a g a + t,,Garcia1976,,,^ y a g a - t $,default
JNa-61_nose-1,,JNa,61_nose,-yak,-yak,+ j a k,,Garcia1967,,,^ - y a k $,default
Pip-61_nose-1,,Pip,61_nose,-yak,-yak,+ j a k,,Campbell1985,,,^ - y a k $,default
Poch-61_nose-1,,Poch,61_nose,yeké-t,yeké-t,j e k é/e + t,,Boas1917,,,^ y e k é - t $,default
PA-61_nose-1,,PA,61_nose,*yaka-tl,*yaka-tl,j a k a + t l,,Davletshin2012,,,^ * y a k a - t l $,default
CNa-62_not-1,,CNa,62_not,aʔmoː,aʔmoː,a ʔ m oː,,Karttunen1983,,,^ a ʔ m oː $,default
TNa-62_not-1,,TNa,62_not,amo,amo,a m o,,Brewer1966,,,^ a m o $,default
NPN-62_not-1,,NPN,62_not,ahmo,ahmo,a h m o,,Brockway2000,,,^ ah m o $,default
MNa-62_not-1,,MNa,62_not,"ayaːʔ, amo",ayaːʔ,a j aː ʔ,,Wolgemuth2002,,,^ a y aː ʔ $,default
PNa-62_not-1,,PNa,62_not,"amó, ayá, a-té",amó,a m ó/o,,Garcia1976,,,^ a m ó $,default
JNa-62_not-1,,JNa,62_not,te,te,t e,,Garcia1967,,,^ t e $,default
Pip-62_not-1,,Pip,62_not,teː tesu,teː tesu,t eː + t e s u,,Campbell1985,,,^ t eː + t e s u $,default
Poch-62_not-1,,Poch,62_not,as,as,a s,,Boas1917,,,^ a s $,default
CNa-63_one-1,,CNa,63_one,seː (bound form: sem),seː,s eː,,Karttunen1983,,,^ s eː $,default
TNa-63_one-1,,TNa,63_one,"sie, sen-te",sie,s i e,,Brewer1966,,,^ s i e $,default
NPN-63_one-1,,NPN,63_one,seya,seya,s e j a,,Brockway2000,,,^ s e y a $,default
MNa-63_one-1,,MNa,63_one,seː,seː,s eː,,Wolgemuth2002,,,^ s eː $,default
PNa-63_one-1,,PNa,63_one,se,se,s e,,Garcia1976,,,^ s e $,default
JNa-63_one-1,,JNa,63_one,se,se,s e,,Garcia1967,,,^ s e $,default
Pip-63_one-1,,Pip,63_one,seː,seː,s eː,,Campbell1985,,,^ s eː $,default
Poch-63_one-1,,Poch,63_one,se,se,s e,,Boas1917,,,^ s e $,default
PA-63_one-1,,PA,63_one,*seː(m),*seː,s eː,,Davletshin2012,,,^ * s eː $,default
CNa-64_person-1,,CNa,64_person,tlaːka-tl,tlaːka-tl,t l aː k a + t l,,Karttunen1983,,,^ t l aː k a - t l $,default
TNa-64_person-1,,TNa,64_person,"hiente (Spanish loan), tlöka",hiente,h i e n t e,,Brewer1966,,,^h i e n t e $,default
MNa-64_person-1,,MNa,64_person,hente (Spanish loan),hente,h e n t e,,Wolgemuth2002,,,^h e n t e $,default
PNa-64_person-1,,PNa,64_person,kristianoh (Spanish loan),kristianoh,k r i s t i a n o h,,Garcia1976,,,^ k r i s t i a n oh $,default
JNa-64_person-1,,JNa,64_person,yohomeh,yohomeh,j o h o m e h,,Garcia1967,,,^ y oh o m eh $,default
Pip-64_person-1,,Pip,64_person,kristanuh (Spanish loan),kristanuh,k r i s t a n u h,,Campbell1985,,,^ k r i s t a n uh $,default
CNa-65_rain-1,,CNa,65_rain,kiyaw(i)-tl,kiyaw-tl,k i j a w + t l,,Karttunen1983,,,^ k i y a w - t l $,default
TNa-65_rain-1,,TNa,65_rain,kiːyabiː-tl,kiːyabiː-tl,k iː j a b iː + t l,,Brewer1966,,,^ k iː y a b iː - t l $,default
NPN-65_rain-1,,NPN,65_rain,kiyawi-tl,kiyawi-tl,k i j a w i + t l,,Brockway2000,,,^ k i y a w i - t l $,default
MNa-65_rain-1,,MNa,65_rain,kiahuaː-ʔ ~ tiahuaː-ʔ,kiahuaː-ʔ,k i a h u aː + ʔ,,Wolgemuth2002,,,^ k i ah u aː - ʔ $,default
PNa-65_rain-1,,PNa,65_rain,aː-tzona-t,aː-tzona-t,aː + t z o n a + t,,Garcia1976,,,^ aː - t z o n a - t $,default
JNa-65_rain-1,,JNa,65_rain,chimaː-t,chimaː-t,tʃ i m aː + t,,Garcia1967,,,^ ch i m aː - t $,default
Pip-65_rain-1,,Pip,65_rain,aː-t,aː-t,aː + t,,Campbell1985,,,^ aː - t $,default
Poch-65_rain-1,,Poch,65_rain,yek-t,yek-t,j e k + t,,Boas1917,,,^ y e k - t $,default
CNa-66_red-1,,CNa,66_red,chiː-chiːl-tik (cf. chi:l-li ‘chili pepper’),chiː-chiːl-tik,tʃ iː + tʃ iː l + t i k,,Karttunen1983,,,^ ch iː - ch iː l - t i k $,default
TNa-66_red-1,,TNa,66_red,chi-chi-ltiːk,chi-chi-ltiːk,tʃ i + tʃ i + l t iː k,,Brewer1966,,,^ ch i - ch i - l t iː k $,default
NPN-66_red-1,,NPN,66_red,chi-chil-tik,chi-chil-tik,tʃ i + tʃ i l + t i k,,Brockway2000,,,^ ch i - ch i l - t i k $,default
MNa-66_red-1,,MNa,66_red,chiːl-tiʔ,chiːl-tiʔ,tʃ iː l + t i ʔ,,Wolgemuth2002,,,^ ch iː l - t i ʔ $,default
PNa-66_red-1,,PNa,66_red,ta-tawi-k (cf. CNa tla:w(i)-tl ‘red ochre’),ta-tawi-k,t a + t a w i + k,,Garcia1976,,,^ t a - t a w i - k $,default
JNa-66_red-1,,JNa,66_red,traik,traik,t r a i k,,Garcia1967,,,^ t r a i k $,default
Pip-66_red-1,,Pip,66_red,chiːl-tik,chiːl-tik,tʃ iː l + t i k,,Campbell1985,,,^ ch iː l - t i k $,default
PA-66_red-1,,PA,66_red,*chiːl-tɨ-k ?,*chiːl-tɨ-k ?,tʃ iː l + t ɨ + k +,,Davletshin2012,,,^ * ch iː l - t ɨ - k + ? $,default
CNa-67_road-1,,CNa,67_road,oʔ-tli,oʔ-tli,o ʔ + t l i,,Karttunen1983,,,^ o ʔ - t l i $,default
TNa-67_road-1,,TNa,67_road,oh-tliː,oh-tliː,o h + t l iː,,Brewer1966,,,^ oh - t l iː $,default
NPN-67_road-1,,NPN,67_road,oh-tli,oh-tli,o h + t l i,,Brockway2000,,,^ oh - t l i $,default
MNa-67_road-1,,MNa,67_road,oh-ti,oh-ti,o h + t i,,Wolgemuth2002,,,^ oh - t i $,default
PNa-67_road-1,,PNa,67_road,oh-ti,oh-ti,o h + t i,,Garcia1976,,,^ oh - t i $,default
JNa-67_road-1,,JNa,67_road,uh-ti,uh-ti,u h + t i,,Garcia1967,,,^ uh - t i $,default
Pip-67_road-1,,Pip,67_road,uh-ti,uh-ti,u h + t i,,Campbell1985,,,^ uh - t i $,default
Poch-67_road-1,,Poch,67_road,ot’kán,ot’kán,o tʼ k á/a n,,Boas1917,,,^ o t’ k á n $,default
PA-67_road-1,,PA,67_road,*oh-tlɨ,*oh-tlɨ,o h + t l ɨ,,Davletshin2012,,,^ * oh - t l ɨ $,default
CNa-68_root-1,,CNa,68_root,nelwa-tl,nelwa-tl,n e l w a + t l,,Karttunen1983,,,^ n e l w a - t l $,default
TNa-68_root-1,,TNa,68_root,nelwa-yu-tl,nelwa-yu-tl,n e l w a + j u + t l,,Brewer1966,,,^ n e l w a - y u - t l $,default
NPN-68_root-1,,NPN,68_root,nelwa-tl,nelwa-tl,n e l w a + t l,,Brockway2000,,,^ n e l w a - t l $,default
MNa-68_root-1,,MNa,68_root,nelwa-ʔ,nelwa-ʔ,n e l w a + ʔ,,Wolgemuth2002,,,^ n e l w a - ʔ $,default
PNa-68_root-1,,PNa,68_root,ba-takson,ba-takson,b a + t a k s o n,,Garcia1976,,,^ b a - t a k s o n $,default
JNa-68_root-1,,JNa,68_root,talwa-t,talwa-t,t a l w a + t,,Garcia1967,,,^ t a l w a - t $,default
Pip-68_root-1,,Pip,68_root,nelwa-t,nelwa-t,n e l w a + t,,Campbell1985,,,^ n e l w a - t $,default
PA-68_root-1,,PA,68_root,*nelwa-tl ?,*nelwa-tl ?,n e l w a + t l +,,Davletshin2012,,,^ * n e l w a - t l + ? $,default
CNa-69_round-1,,CNa,69_round,yawal-tik (cosa redonda como rodela),yawal-tik,j a w a l + t i k,,Karttunen1983,,,^ y a w a l - t i k $,default
TNa-69_round-1,,TNa,69_round,yewal-tiːk,yewal-tiːk,j e w a l + t iː k,,Brewer1966,,,^ y e w a l - t iː k $,default
NPN-69_round-1,,NPN,69_round,yewal-tik,yewal-tik,j e w a l + t i k,,Brockway2000,,,^ y e w a l - t i k $,default
MNa-69_round-1,,MNa,69_round,"yawal-tiʔ (plano), mimil-tiʔ (esférico)",yawal-tiʔ,j a w a l + t i ʔ,,Wolgemuth2002,,,^ y a w a l - t i ʔ $,default
PNa-69_round-1,,PNa,69_round,monso (a loan?),monso,m o n s o,,Garcia1976,,,^ m o n s o $,default
JNa-69_round-1,,JNa,69_round,tulutz-tik,tulutz-tik,t u l u t z + t i k,,Garcia1967,,,^ t u l u t z - t i k $,default
Pip-69_round-1,,Pip,69_round,"yawal-nah (circular), mi-mil-nah (rollizo), ul-ul-nah (esférico)",yawal-nah,j a w a l + n a h,,Campbell1985,,,^ y a w a l - n ah $,default
PA-69_round-1,,PA,69_round,*yawal-tɨ-k ?,*yawal-tɨ-k ?,j a w a l + t ɨ + k +,,Davletshin2012,,,^ * y a w a l - t ɨ - k + ? $,default
CNa-70_sand-1,,CNa,70_sand,xaːl-li,xaːl-li,x aː l + l i,,Karttunen1983,,,^ x aː l - l i $,default
TNa-70_sand-1,,TNa,70_sand,xöliː,xöliː,x ø l iː,,Brewer1966,,,^ x ö l iː $,default
NPN-70_sand-1,,NPN,70_sand,xali,xali,x a l i,,Brockway2000,,,^ x a l i $,default
MNa-70_sand-1,,MNa,70_sand,xaːhli,xaːhli,x aː h l i,,Wolgemuth2002,,,^ x aːh l i $,default
PNa-70_sand-1,,PNa,70_sand,xaːhli,xaːhli,x aː h l i,,Garcia1976,,,^ x aːh l i $,default
JNa-70_sand-1,,JNa,70_sand,xaːhli,xaːhli,x aː h l i,,Garcia1967,,,^ x aːh l i $,default
Pip-70_sand-1,,Pip,70_sand,aː-xaːl,aː-xaːl,aː + x aː l,,Campbell1985,,,^ aː - x aː l $,default
PA-70_sand-1,,PA,70_sand,*xaːl-lɨ,*xaːl-lɨ,x aː l + l ɨ,,Davletshin2012,,,^ * x aː l - l ɨ $,default
CNa-71_say-1,,CNa,71_say,"(i)ʔtoaː (to say something), (i)lwiaː (to say something to someone)",ʔtoaː,ʔ t o aː,,Karttunen1983,,,^ ʔ t o aː $,default
TNa-71_say-1,,TNa,71_say,-htoa,-htoa,+ h t o a,,Brewer1966,,,^ -ht o a $,default
NPN-71_say-1,,NPN,71_say,-ihtoa,-ihtoa,+ i h t o a,,Brockway2000,,,^ - ih t o a $,default
MNa-71_say-1,,MNa,71_say,"k-ihtoa, k-ihliá (algo a alguien)",k-ihtoa,k + i h t o a,,Wolgemuth2002,,,^ k - ih t o a $,default
PNa-71_say-1,,PNa,71_say,"-ihtoa, -ihlia",-ihtoa,+ i h t o a,,Garcia1976,,,^ - ih t o a $,default
JNa-71_say-1,,JNa,71_say,-ihli,-ihli,+ i h l i,,Garcia1967,,,^ - ih l i $,default
Pip-71_say-1,,Pip,71_say,ilwia,ilwia,i l w i a,,Campbell1985,,,^ i l w i a $,default
Poch-71_say-1,,Poch,71_say,"ití (decirle), nuká (de- cirlo)",ití,i t í/i,,Boas1917,,,^ i t í $,default
CNa-72_see-1,,CNa,72_see,(i)tta,tta,t t a,,Karttunen1983,,,^ t t a $,default
TNa-72_see-1,,TNa,72_see,-hta,-hta,+ h t a,,Brewer1966,,,^ -ht a $,default
NPN-72_see-1,,NPN,72_see,-ita,-ita,+ i t a,,Brockway2000,,,^ - i t a $,default
MNa-72_see-1,,MNa,72_see,-ita,-ita,+ i t a,,Wolgemuth2002,,,^ - i t a $,default
PNa-72_see-1,,PNa,72_see,-ita,-ita,+ i t a,,Garcia1976,,,^ - i t a $,default
JNa-72_see-1,,JNa,72_see,-ira,-ira,+ i r a,,Garcia1967,,,^ - i r a $,default
Pip-72_see-1,,Pip,72_see,ita,ita,i t a,,Campbell1985,,,^ i t a $,default
Poch-72_see-1,,Poch,72_see,itá,itá,i t á/a,,Boas1917,,,^ i t á $,default
PA-72_see-1,,PA,72_see,*­ɨhta,*ɨhta,ɨ h t a,,Davletshin2012,,,^ * ɨh t a $,default
CNa-73_seed-1,,CNa,73_seed,ach-tli,ach-tli,a tʃ + t l i,,Karttunen1983,,,^ a ch - t l i $,default
TNa-73_seed-1,,TNa,73_seed,xiːn-öch-tliː,xiːn-öch-tliː,x iː n + ø tʃ + t l iː,,Brewer1966,,,^ x iː n - ö ch - t l iː $,default
NPN-73_seed-1,,NPN,73_seed,"achtli, xin-achtli",achtli,a tʃ t l i,,Brockway2000,,,^ a ch t l i $,default
MNa-73_seed-1,,MNa,73_seed,-yoːl,-yoːl,+ j oː l,,Wolgemuth2002,,,^ - y oː l $,default
PNa-73_seed-1,,PNa,73_seed,-yoːl,-yoːl,+ j oː l,,Garcia1976,,,^ - y oː l $,default
JNa-73_seed-1,,JNa,73_seed,yuhlu,yuhlu,j u h l u,,Garcia1967,,,^ y uh l u $,default
Pip-73_seed-1,,Pip,73_seed,iːx,iːx,iː x,,Campbell1985,,,^ iː x $,default
Poch-73_seed-1,,Poch,73_seed,ax-t (cf. /no/-achú ‘mi semilla’),ax-t,a x + t,,Boas1917,,,^ a x - t $,default
PA-73_seed-1,,PA,73_seed,*aːch-tlɨ,*aːch-tlɨ,aː tʃ + t l ɨ,,Davletshin2012,,,^ * aː ch - t l ɨ $,default
CNa-74_sit-1,,CNa,74_sit,mo-tlaːliaː,mo-tlaːliaː,m o + t l aː l i aː,,Karttunen1983,,,^ m o - t l aː l i aː $,default
TNa-74_sit-1,,TNa,74_sit,mo-tlöliːa,mo-tlöliːa,m o + t l ø l iː a,,Brewer1966,,,^ m o - t l ö l iː a $,default
NPN-74_sit-1,,NPN,74_sit,mo-tlalia,mo-tlalia,m o + t l a l i a,,Brockway2000,,,^ m o - t l a l i a $,default
MNa-74_sit-1,,MNa,74_sit,mo-taːliá,mo-taːliá,m o + t aː l i á/a,,Wolgemuth2002,,,^ m o - t aː l i á $,default
PNa-74_sit-1,,PNa,74_sit,mo-taːli/mo-tzogoloa,mo-taːli,m o + t aː l i,,Garcia1976,,,^ m o - t aː l i $,default
JNa-74_sit-1,,JNa,74_sit,mu-ralih-tuk (sentado),mu-ralih-tuk,m u + r a l i h + t u k,,Garcia1967,,,^ m u - r a l ih - t u k $,default
Pip-74_sit-1,,Pip,74_sit,mu-taːlia,mu-taːlia,m u + t aː l i a,,Campbell1985,,,^ m u - t aː l i a $,default
Poch-74_sit-1,,Poch,74_sit,metzá,metzá,m e t z á/a,,Boas1917,,,^ m e t z á $,default
PA-74_sit-1,,PA,74_sit,*mo-tlalɨ-ha,*mo-tlalɨ-ha,m o + t l a l ɨ + h a,,Davletshin2012,,,^ * m o - t l a l ɨ -h a $,default
CNa-75_skin-1,,CNa,75_skin,eːwa-tl,eːwa-tl,eː w a + t l,,Karttunen1983,,,^ eː w a - t l $,default
TNa-75_skin-1,,TNa,75_skin,"-yewayo, -kwiːtlaxkol",-yewayo,+ j e w a j o,,Brewer1966,,,^ - y e w a y o $,default
NPN-75_skin-1,,NPN,75_skin,-yewayo,-yewayo,+ j e w a j o,,Brockway2000,,,^ - y e w a y o $,default
MNa-75_skin-1,,MNa,75_skin,kahloː-ʔ,kahloː-ʔ,k a h l oː + ʔ,,Wolgemuth2002,,,^ k ah l oː - ʔ $,default
PNa-75_skin-1,,PNa,75_skin,-betax,-betax,+ b e t a x,,Garcia1976,,,^ - b e t a x $,default
JNa-75_skin-1,,JNa,75_skin,bwéraxti,bwéraxti,b w é/e r a x t i,,Garcia1967,,,^ b w é r a x t i $,default
Pip-75_skin-1,,Pip,75_skin,-eːwayu,-eːwayu,+ eː w a j u,,Campbell1985,,,^ - eː w a y u $,default
Poch-75_skin-1,,Poch,75_skin,kwetéx-t,kwetéx-t,k w e t é/e x + t,,Boas1917,,,^ k w e t é x - t $,default
PA-75_skin-1,,PA,75_skin,*eːwa-tl,*eːwa-tl,eː w a + t l,,Davletshin2012,,,^ * eː w a - t l $,default
CNa-76_sleep-1,,CNa,76_sleep,koch(i),koch,k o tʃ,,Karttunen1983,,,^ k o ch $,default
TNa-76_sleep-1,,TNa,76_sleep,kochiː,kochiː,k o tʃ iː,,Brewer1966,,,^ k o ch iː $,default
NPN-76_sleep-1,,NPN,76_sleep,kochi,kochi,k o tʃ i,,Brockway2000,,,^ k o ch i $,default
MNa-76_sleep-1,,MNa,76_sleep,kochi,kochi,k o tʃ i,,Wolgemuth2002,,,^ k o ch i $,default
PNa-76_sleep-1,,PNa,76_sleep,-gochi,-gochi,+ g o tʃ i,,Garcia1976,,,^ - g o ch i $,default
JNa-76_sleep-1,,JNa,76_sleep,-kuchi,-kuchi,+ k u tʃ i,,Garcia1967,,,^ - k u ch i $,default
Pip-76_sleep-1,,Pip,76_sleep,kuchi,kuchi,k u tʃ i,,Campbell1985,,,^ k u ch i $,default
Poch-76_sleep-1,,Poch,76_sleep,kochí,kochí,k o tʃ í/i,,Boas1917,,,^ k o ch í $,default
PA-76_sleep-1,,PA,76_sleep,*kochɨ,*kochɨ,k o tʃ ɨ,,Davletshin2012,,,^ * k o ch ɨ $,default
CNa-77_small-1,,CNa,77_small,"tepi-toːn, tepi-tzin",tepi-toːn,t e p i + t oː n,,Karttunen1983,,,^ t e p i - t oː n $,default
TNa-77_small-1,,TNa,77_small,tzitziːkiː-tzi,tzitziːkiː-tzi,t z i t z iː k iː + t z i,,Brewer1966,,,^ t z i t z iː k iː - t z i $,default
NPN-77_small-1,,NPN,77_small,kitzinin,kitzinin,k i t z i n i n,,Brockway2000,,,^ k i t z i n i n $,default
MNa-77_small-1,,MNa,77_small,aliːm-pa,aliːm-pa,a l iː m + p a,,Wolgemuth2002,,,^ a l iː m - p a $,default
PNa-77_small-1,,PNa,77_small,chihchinti-tzin,chihchinti-tzin,tʃ i h tʃ i n t i + t z i n,,Garcia1976,,,^ ch ih ch i n t i - t z i n $,default
JNa-77_small-1,,JNa,77_small,tziri-tuk,tziri-tuk,t z i r i + t u k,,Garcia1967,,,^ t z i r i - t u k $,default
Pip-77_small-1,,Pip,77_small,"achih-chin, atzih-tzin",achih-chin,a tʃ i h + tʃ i n,,Campbell1985,,,^ a ch ih - ch i n $,default
Poch-77_small-1,,Poch,77_small,"nixtún (pequeño, poquito), túchi (pequeño)",nixtún,n i x t ú/u n,,Boas1917,,,^ n i x t ú n $,default
CNa-78_smoke-1,,CNa,78_smoke,poːk-tli,poːk-tli,p oː k + t l i,,Karttunen1983,,,^ p oː k - t l i $,default
TNa-78_smoke-1,,TNa,78_smoke,puk-tliː,puk-tliː,p u k + t l iː,,Brewer1966,,,^ p u k - t l iː $,default
NPN-78_smoke-1,,NPN,78_smoke,pok-tli,pok-tli,p o k + t l i,,Brockway2000,,,^ p o k - t l i $,default
MNa-78_smoke-1,,MNa,78_smoke,poːk-ti,poːk-ti,p oː k + t i,,Wolgemuth2002,,,^ p oː k - t i $,default
PNa-78_smoke-1,,PNa,78_smoke,poːk-ti,poːk-ti,p oː k + t i,,Garcia1976,,,^ p oː k - t i $,default
JNa-78_smoke-1,,JNa,78_smoke,puːk-ti,puːk-ti,p uː k + t i,,Garcia1967,,,^ p uː k - t i $,default
Pip-78_smoke-1,,Pip,78_smoke,puk-ti,puk-ti,p u k + t i,,Campbell1985,,,^ p u k - t i $,default
Poch-78_smoke-1,,Poch,78_smoke,a-potók-t,a-potók-t,a + p o t ó/o k + t,,Boas1917,,,^ a - p o t ó k - t $,default
PA-78_smoke-1,,PA,78_smoke,*poːk-tlɨ ?,*poːk-tlɨ ?,p oː k + t l ɨ +,,Davletshin2012,,,^ * p oː k - t l ɨ + ? $,default
CNa-79_stand-1,,CNa,79_stand,mo-ketza(a),mo-ketza,m o + k e t z a,,Karttunen1983,,,^ m o - k e t z a $,default
TNa-79_stand-1,,TNa,79_stand,mo-ketza,mo-ketza,m o + k e t z a,,Brewer1966,,,^ m o - k e t z a $,default
NPN-79_stand-1,,NPN,79_stand,"mo-tel-ketza, mo-ketza",mo-tel-ketza,m o + t e l + k e t z a,,Brockway2000,,,^ m o - t e l - k e t z a $,default
MNa-79_stand-1,,MNa,79_stand,mo-ketza,mo-ketza,m o + k e t z a,,Wolgemuth2002,,,^ m o - k e t z a $,default
PNa-79_stand-1,,PNa,79_stand,mo-getza,mo-getza,m o + g e t z a,,Garcia1976,,,^ m o - g e t z a $,default
JNa-79_stand-1,,JNa,79_stand,ihkatuk (parado),ihkatuk,i h k a t u k,,Garcia1967,,,^ ih k a t u k $,default
Pip-79_stand-1,,Pip,79_stand,mu-ketza,mu-ketza,m u + k e t z a,,Campbell1985,,,^ m u - k e t z a $,default
Poch-79_stand-1,,Poch,79_stand,x-mo-ktzé (¡Párate!),x-mo-ktzé,x + m o + k t z é/e,,Boas1917,,,^ x - m o - k t z é $,default
PA-79_stand-1,,PA,79_stand,*kɨtza,*kɨtza,k ɨ t z a,,Davletshin2012,,,^ * k ɨ t z a $,default
CNa-80_star-1,,CNa,80_star,siːtlal-in,siːtlal-in,s iː t l a l + i n,,Karttunen1983,,,^ s iː t l a l - i n $,default
TNa-80_star-1,,TNa,80_star,sitlaliː,sitlaliː,s i t l a l iː,,Brewer1966,,,^ s i t l a l iː $,default
NPN-80_star-1,,NPN,80_star,sitlali,sitlali,s i t l a l i,,Brockway2000,,,^ s i t l a l i $,default
MNa-80_star-1,,MNa,80_star,siːtalin,siːtalin,s iː t a l i n,,Wolgemuth2002,,,^ s iː t a l i n $,default
PNa-80_star-1,,PNa,80_star,lusero (Spanish loan),lusero,l u s e r o,,Garcia1976,,,^ l u s e r o $,default
JNa-80_star-1,,JNa,80_star,siːtal,siːtal,s iː t a l,,Garcia1967,,,^ s iː t a l $,default
Pip-80_star-1,,Pip,80_star,siːtal,siːtal,s iː t a l,,Campbell1985,,,^ s iː t a l $,default
PA-80_star-1,,PA,80_star,*sitlalɨ-m,*sitlalɨ-m,s i t l a l ɨ + m,,Davletshin2012,,,^ * s i t l a l ɨ - m $,default
CNa-81_stone-1,,CNa,81_stone,te-tl,te-tl,t e + t l,,Karttunen1983,,,^ t e - t l $,default
TNa-81_stone-1,,TNa,81_stone,tie-te-tu,tie-te-tu,t i e + t e + t u,,Brewer1966,,,^ t i e - t e - t u $,default
NPN-81_stone-1,,NPN,81_stone,te-tl,te-tl,t e + t l,,Brockway2000,,,^ t e - t l $,default
MNa-81_stone-1,,MNa,81_stone,teʔ-ti,teʔ-ti,t e ʔ + t i,,Wolgemuth2002,,,^ t e ʔ - t i $,default
PNa-81_stone-1,,PNa,81_stone,te-t,te-t,t e + t,,Garcia1976,,,^ t e - t $,default
JNa-81_stone-1,,JNa,81_stone,xaːl-te-t,xaːl-te-t,x aː l + t e + t,,Garcia1967,,,^ x aː l - t e - t $,default
Pip-81_stone-1,,Pip,81_stone,te-t,te-t,t e + t,,Campbell1985,,,^ t e - t $,default
Poch-81_stone-1,,Poch,81_stone,to-t,to-t,t o + t,,Boas1917,,,^ t o - t $,default
PA-81_stone-1,,PA,81_stone,*tə-tl,*tə-tl,t ə + t l,,Davletshin2012,,,^ * t ə - t l $,default
CNa-82_sun-1,,CNa,82_sun,toːna-tiw,toːna-tiw,t oː n a + t i w,,Karttunen1983,,,^ t oː n a - t i w $,default
TNa-82_sun-1,,TNa,82_sun,tunaliː,tunaliː,t u n a l iː,,Brewer1966,,,^ t u n a l iː $,default
NPN-82_sun-1,,NPN,82_sun,tonal-tzin-tli,tonal-tzin-tli,t o n a l + t z i n + t l i,,Brockway2000,,,^ t o n a l - t z i n - t l i $,default
MNa-82_sun-1,,MNa,82_sun,to-tah-tziːn (lit. ‘our little (rever.) father’),to-tah-tziːn,t o + t a h + t z iː n,,Wolgemuth2002,,,^ t o - t ah - t z iː n $,default
PNa-82_sun-1,,PNa,82_sun,toːnati,toːnati,t oː n a t i,,Garcia1976,,,^ t oː n a t i $,default
JNa-82_sun-1,,JNa,82_sun,rontin,rontin,r o n t i n,,Garcia1967,,,^ r o n t i n $,default
Pip-82_sun-1,,Pip,82_sun,tuːnal,tuːnal,t uː n a l,,Campbell1985,,,^ t uː n a l $,default
Poch-82_sun-1,,Poch,82_sun,tunél,tunél,t u n é/e l,,Boas1917,,,^ t u n é l $,default
CNa-83_swim-1,,CNa,83_swim,"aː-wilaːn(a), m-aː-neloaː",aː-wilaːn,aː + w i l aː n,,Karttunen1983,,,^ aː - w i l aː n $,default
TNa-83_swim-1,,TNa,83_swim,m-ö-biːlöna,m-ö-biːlöna,m + ø + b iː l ø n a,,Brewer1966,,,^ m - ö - b iː l ö n a $,default
NPN-83_swim-1,,NPN,83_swim,m-al-tiya,m-al-tiya,m + a l + t i j a,,Brockway2000,,,^ m - a l - t i y a $,default
MNa-83_swim-1,,MNa,83_swim,"aː-pataːni (water-fly), aː-hkitiá (ir flotando)",aː-pataːni,aː + p a t aː n i,,Wolgemuth2002,,,^ aː - p a t aː n i $,default
PNa-83_swim-1,,PNa,83_swim,-aːhkia,-aːhkia,+ aː h k i a,,Garcia1976,,,^ - aːh k i a $,default
CNa-84_tail-1,,CNa,84_tail,kwitlapil-li,kwitlapil-li,k w i t l a p i l + l i,,Karttunen1983,,,^ k w i t l a p i l - l i $,default
TNa-84_tail-1,,TNa,84_tail,-kwiːtlapiːl,-kwiːtlapiːl,+ k w iː t l a p iː l,,Brewer1966,,,^ - k w iː t l a p iː l $,default
NPN-84_tail-1,,NPN,84_tail,-kwitlapil,-kwitlapil,+ k w i t l a p i l,,Brockway2000,,,^ - k w i t l a p i l $,default
MNa-84_tail-1,,MNa,84_tail,kwitapiːl,kwitapiːl,k w i t a p iː l,,Wolgemuth2002,,,^ k w i t a p iː l $,default
PNa-84_tail-1,,PNa,84_tail,-bitapil,-bitapil,+ b i t a p i l,,Garcia1976,,,^ - b i t a p i l $,default
JNa-84_tail-1,,JNa,84_tail,-bwirapil,-bwirapil,+ b w i r a p i l,,Garcia1967,,,^ - b w i r a p i l $,default
Pip-84_tail-1,,Pip,84_tail,-kwitlapil,-kwitlapil,+ k w i t l a p i l,,Campbell1985,,,^ - k w i t l a p i l $,default
PA-84_tail-1,,PA,84_tail,*-kwitla-pɨl,*-kwitla-pɨl,+ k w i t l a + p ɨ l,,Davletshin2012,,,^ * - k w i t l a - p ɨ l $,default
CNa-85_that-1,,CNa,85_that,in-oːn,in-oːn,i n + oː n,,Karttunen1983,,,^ i n - oː n $,default
TNa-85_that-1,,TNa,85_that,"iːn-u, nieka, iːnu nieka",iːn-u,iː n + u,,Brewer1966,,,^ iː n - u $,default
NPN-85_that-1,,NPN,85_that,in-on,in-on,i n + o n,,Brockway2000,,,^ i n - o n $,default
MNa-85_that-1,,MNa,85_that,in-eːpa,in-eːpa,i n + eː p a,,Wolgemuth2002,,,^ i n - eː p a $,default
PNa-85_that-1,,PNa,85_that,hoːn,hoːn,h oː n,,Garcia1976,,,^h oː n $,default
JNa-85_that-1,,JNa,85_that,huːni,huːni,h uː n i,,Garcia1967,,,^h uː n i $,default
Pip-85_that-1,,Pip,85_that,uni,uni,u n i,,Campbell1985,,,^ u n i $,default
Poch-85_that-1,,Poch,85_that,namél,namél,n a m é/e l,,Boas1917,,,^ n a m é l $,default
PA-85_that-1,,PA,85_that,*oːn- ?,*oːn- ?,oː n + +,,Davletshin2012,,,^ * oː n - + ? $,default
CNa-86_this-1,,CNa,86_this,in-iːn,in-iːn,i n + iː n,,Karttunen1983,,,^ i n - iː n $,default
TNa-86_this-1,,TNa,86_this,"in-i, nönka, in-i nönka",in-i,i n + i,,Brewer1966,,,^ i n - i $,default
NPN-86_this-1,,NPN,86_this,in-in,in-in,i n + i n,,Brockway2000,,,^ i n - i n $,default
MNa-86_this-1,,MNa,86_this,in-iːn,in-iːn,i n + iː n,,Wolgemuth2002,,,^ i n - iː n $,default
PNa-86_this-1,,PNa,86_this,hiːn,hiːn,h iː n,,Garcia1976,,,^h iː n $,default
JNa-86_this-1,,JNa,86_this,hiːni,hiːni,h iː n i,,Garcia1967,,,^h iː n i $,default
Pip-86_this-1,,Pip,86_this,ini,ini,i n i,,Campbell1985,,,^ i n i $,default
Poch-86_this-1,,Poch,86_this,iná,iná,i n á/a,,Boas1917,,,^ i n á $,default
PA-86_this-1,,PA,86_this,*in- ?,*in- ?,i n + +,,Davletshin2012,,,^ * i n - + ? $,default
CNa-87_thou-1,,CNa,87_thou,teʔwaː-tl,teʔwaː-tl,t e ʔ w aː + t l,,Karttunen1983,,,^ t e ʔ w aː - t l $,default
TNa-87_thou-1,,TNa,87_thou,taha,taha,t a h a,,Brewer1966,,,^ t ah a $,default
NPN-87_thou-1,,NPN,87_thou,tehwa,tehwa,t e h w a,,Brockway2000,,,^ t eh w a $,default
MNa-87_thou-1,,MNa,87_thou,teh,teh,t e h,,Wolgemuth2002,,,^ t eh $,default
PNa-87_thou-1,,PNa,87_thou,teha,teha,t e h a,,Garcia1976,,,^ t eh a $,default
JNa-87_thou-1,,JNa,87_thou,tehe,tehe,t e h e,,Garcia1967,,,^ t eh e $,default
Pip-87_thou-1,,Pip,87_thou,ta(h) ~ taha,ta,t a,,Campbell1985,,,^ t a $,default
Poch-87_thou-1,,Poch,87_thou,mwen,mwen,m w e n,,Boas1917,,,^ m w e n $,default
PA-87_thou-1,,PA,87_thou,*təha,*təha,t ə h a,,Davletshin2012,,,^ * t əh a $,default
CNa-88_tongue-1,,CNa,88_tongue,nene-pil-li,nene-pil-li,n e n e + p i l + l i,,Karttunen1983,,,^ n e n e - p i l - l i $,default
TNa-88_tongue-1,,TNa,88_tongue,-nenepiːl,-nenepiːl,+ n e n e p iː l,,Brewer1966,,,^ - n e n e p iː l $,default
NPN-88_tongue-1,,NPN,88_tongue,-nenepil,-nenepil,+ n e n e p i l,,Brockway2000,,,^ - n e n e p i l $,default
MNa-88_tongue-1,,MNa,88_tongue,lenwa (Spanish loan),lenwa,l e n w a,,Wolgemuth2002,,,^ l e n w a $,default
PNa-88_tongue-1,,PNa,88_tongue,-nenepil,-nenepil,+ n e n e p i l,,Garcia1976,,,^ - n e n e p i l $,default
JNa-88_tongue-1,,JNa,88_tongue,-neːnepil,-neːnepil,+ n eː n e p i l,,Garcia1967,,,^ - n eː n e p i l $,default
Pip-88_tongue-1,,Pip,88_tongue,-nenepil,-nenepil,+ n e n e p i l,,Campbell1985,,,^ - n e n e p i l $,default
Poch-88_tongue-1,,Poch,88_tongue,nenepíl,nenepíl,n e n e p í/i l,,Boas1917,,,^ n e n e p í l $,default
PA-88_tongue-1,,PA,88_tongue,*-nɨnɨ-pɨl,*-nɨnɨ-pɨl,+ n ɨ n ɨ + p ɨ l,,Davletshin2012,,,^ * - n ɨ n ɨ - p ɨ l $,default
CNa-89_tooth-1,,CNa,89_tooth,tlan-tli,tlan-tli,t l a n + t l i,,Karttunen1983,,,^ t l a n - t l i $,default
TNa-89_tooth-1,,TNa,89_tooth,-tlan-koch,-tlan-koch,+ t l a n + k o tʃ,,Brewer1966,,,^ - t l a n - k o ch $,default
NPN-89_tooth-1,,NPN,89_tooth,-tlan,-tlan,+ t l a n,,Brockway2000,,,^ - t l a n $,default
MNa-89_tooth-1,,MNa,89_tooth,tan-ti,tan-ti,t a n + t i,,Wolgemuth2002,,,^ t a n - t i $,default
PNa-89_tooth-1,,PNa,89_tooth,-tan,-tan,+ t a n,,Garcia1976,,,^ - t a n $,default
JNa-89_tooth-1,,JNa,89_tooth,-taːn,-taːn,+ t aː n,,Garcia1967,,,^ - t aː n $,default
Pip-89_tooth-1,,Pip,89_tooth,-tan,-tan,+ t a n,,Campbell1985,,,^ - t a n $,default
PA-89_tooth-1,,PA,89_tooth,*-tlan,*-tlan,+ t l a n,,Davletshin2012,,,^ * - t l a n $,default
CNa-90_tree-1,,CNa,90_tree,kwaw(i)-tl,kwaw-tl,k w a w + t l,,Karttunen1983,,,^ k w a w - t l $,default
TNa-90_tree-1,,TNa,90_tree,kwabiː-tl,kwabiː-tl,k w a b iː + t l,,Brewer1966,,,^ k w a b iː - t l $,default
NPN-90_tree-1,,NPN,90_tree,kowi-tl,kowi-tl,k o w i + t l,,Brockway2000,,,^ k o w i - t l $,default
MNa-90_tree-1,,MNa,90_tree,kwawi-ʔ,kwawi-ʔ,k w a w i + ʔ,,Wolgemuth2002,,,^ k w a w i - ʔ $,default
PNa-90_tree-1,,PNa,90_tree,bawi-t,bawi-t,b a w i + t,,Garcia1976,,,^ b a w i - t $,default
JNa-90_tree-1,,JNa,90_tree,koi-t,koi-t,k o i + t,,Garcia1967,,,^ k o i - t $,default
Pip-90_tree-1,,Pip,90_tree,kwawi-t,kwawi-t,k w a w i + t,,Campbell1985,,,^ k w a w i - t $,default
Poch-90_tree-1,,Poch,90_tree,kwagú-t,kwagú-t,k w a g ú/u + t,,Boas1917,,,^ k w a g ú - t $,default
PA-90_tree-1,,PA,90_tree,*kwa-wɨ-tl,*kwa-wɨ-tl,k w a + w ɨ + t l,,Davletshin2012,,,^ * k w a - w ɨ - t l $,default
CNa-91_two-1,,CNa,91_two,oːme,oːme,oː m e,,Karttunen1983,,,^ oː m e $,default
TNa-91_two-1,,TNa,91_two,ume,ume,u m e,,Brewer1966,,,^ u m e $,default
NPN-91_two-1,,NPN,91_two,ome,ome,o m e,,Brockway2000,,,^ o m e $,default
MNa-91_two-1,,MNa,91_two,oːme,oːme,oː m e,,Wolgemuth2002,,,^ oː m e $,default
PNa-91_two-1,,PNa,91_two,oːme,oːme,oː m e,,Garcia1976,,,^ oː m e $,default
JNa-91_two-1,,JNa,91_two,uːme,uːme,uː m e,,Garcia1967,,,^ uː m e $,default
Pip-91_two-1,,Pip,91_two,uːme,uːme,uː m e,,Campbell1985,,,^ uː m e $,default
Poch-91_two-1,,Poch,91_two,omém,omém,o m é/e m,,Boas1917,,,^ o m é m $,default
PA-91_two-1,,PA,91_two,*oːmə,*oːmə,oː m ə,,Davletshin2012,,,^ * oː m ə $,default
CNa-92_walkgo-1,,CNa,92_walkgo,neʔ-nemi,neʔ-nemi,n e ʔ + n e m i,,Karttunen1983,,,^ n e ʔ - n e m i $,default
TNa-92_walkgo-1,,TNa,92_walkgo,neh-nemiː,neh-nemiː,n e h + n e m iː,,Brewer1966,,,^ n eh - n e m iː $,default
NPN-92_walkgo-1,,NPN,92_walkgo,neh-nemi,neh-nemi,n e h + n e m i,,Brockway2000,,,^ n eh - n e m i $,default
MNa-92_walkgo-1,,MNa,92_walkgo,neh-nemi,neh-nemi,n e h + n e m i,,Wolgemuth2002,,,^ n eh - n e m i $,default
PNa-92_walkgo-1,,PNa,92_walkgo,neh-nemi,neh-nemi,n e h + n e m i,,Garcia1976,,,^ n eh - n e m i $,default
JNa-92_walkgo-1,,JNa,92_walkgo,neh-nemi,neh-nemi,n e h + n e m i,,Garcia1967,,,^ n eh - n e m i $,default
Pip-92_walkgo-1,,Pip,92_walkgo,neh-nemi,neh-nemi,n e h + n e m i,,Campbell1985,,,^ n eh - n e m i $,default
Poch-92_walkgo-1,,Poch,92_walkgo,uí,uí,u í/i,,Boas1917,,,^ u í $,default
PA-92_walkgo-1,,PA,92_walkgo,*nɨh-nɨmi,*nɨh-nɨmi,n ɨ h + n ɨ m i,,Davletshin2012,,,^ * n ɨh - n ɨ m i $,default
CNa-93_warmhot-1,,CNa,93_warmhot,"to-toːn-ki (hot), aː-yamaːnil-aː-tl (tepid water), yamaːn-ki (warm of water, cf. <yamanqui ic mixamia> [Primeros Memoriales 81r])",to-toːn-ki,t o + t oː n + k i,,Karttunen1983,,,^ t o - t oː n - k i $,default
TNa-93_warmhot-1,,TNa,93_warmhot,"totun-kiː (caliente), yemön-kiː (blando, suave, tierno, tibio)",totun-kiː,t o t u n + k iː,,Brewer1966,,,^ t o t u n - k iː $,default
NPN-93_warmhot-1,,NPN,93_warmhot,"totonki (caliente), yemanki (agua, también suave)",totonki,t o t o n k i,,Brockway2000,,,^ t o t o n k i $,default
MNa-93_warmhot-1,,MNa,93_warmhot,"totoːniʔ (caliente), hokox (tibio, calentito: a loan?)",totoːniʔ,t o t oː n i ʔ,,Wolgemuth2002,,,^ t o t oː n i ʔ $,default
PNa-93_warmhot-1,,PNa,93_warmhot,totoːnik (caliente),totoːnik,t o t oː n i k,,Garcia1976,,,^ t o t oː n i k $,default
JNa-93_warmhot-1,,JNa,93_warmhot,"truːnik (caliente), yamanik (blando)",truːnik,t r uː n i k,,Garcia1967,,,^ t r uː n i k $,default
Pip-93_warmhot-1,,Pip,93_warmhot,"tutuːnik (caliente), yamanka (tibio)",tutuːnik,t u t uː n i k,,Campbell1985,,,^ t u t uː n i k $,default
Poch-93_warmhot-1,,Poch,93_warmhot,tuní (caliente),tuní,t u n í/i,,Boas1917,,,^ t u n í $,default
PA-93_warmhot-1,,PA,93_warmhot,*to-toːnɨ-k ?,*to-toːnɨ-k ?,t o + t oː n ɨ + k +,,Davletshin2012,,,^ * t o - t oː n ɨ - k + ? $,default
CNa-94_water-1,,CNa,94_water,aː-tl,aː-tl,aː + t l,,Karttunen1983,,,^ aː - t l $,default
TNa-94_water-1,,TNa,94_water,ö-tzin-tli (reverential diminutive suffix -tzin),ö-tzin-tli,ø + t z i n + t l i,,Brewer1966,,,^ ö - t z i n - t l i $,default
NPN-94_water-1,,NPN,94_water,a-tl,a-tl,a + t l,,Brockway2000,,,^ a - t l $,default
MNa-94_water-1,,MNa,94_water,aːʔ-ti,aːʔ-ti,aː ʔ + t i,,Wolgemuth2002,,,^ aː ʔ - t i $,default
PNa-94_water-1,,PNa,94_water,aː-t,aː-t,aː + t,,Garcia1976,,,^ aː - t $,default
JNa-94_water-1,,JNa,94_water,maː-t,maː-t,m aː + t,,Garcia1967,,,^ m aː - t $,default
Pip-94_water-1,,Pip,94_water,aː-t,aː-t,aː + t,,Campbell1985,,,^ aː - t $,default
Poch-94_water-1,,Poch,94_water,a-t,a-t,a + t,,Boas1917,,,^ a - t $,default
PA-94_water-1,,PA,94_water,*aː-tl,*aː-tl,aː + t l,,Davletshin2012,,,^ * aː - t l $,default
CNa-95_we-1,,CNa,95_we,teʔwaːn,teʔwaːn,t e ʔ w aː n,,Karttunen1983,,,^ t e ʔ w aː n $,default
TNa-95_we-1,,TNa,95_we,"tehwa, tehwante",tehwa,t e h w a,,Brewer1966,,,^ t eh w a $,default
NPN-95_we-1,,NPN,95_we,"tehwan, tehwanten (todos)",tehwan,t e h w a n,,Brockway2000,,,^ t eh w a n $,default
MNa-95_we-1,,MNa,95_we,"tehameh (incl.), nehameh (excl.)",tehameh,t e h a m e h,,Wolgemuth2002,,,^ t eh a m eh $,default
PNa-95_we-1,,PNa,95_we,tehameh,tehameh,t e h a m e h,,Garcia1976,,,^ t eh a m eh $,default
JNa-95_we-1,,JNa,95_we,tohomen,tohomen,t o h o m e n,,Garcia1967,,,^ t oh o m e n $,default
Pip-95_we-1,,Pip,95_we,tehemet,tehemet,t e h e m e t,,Campbell1985,,,^ t eh e m e t $,default
Poch-95_we-1,,Poch,95_we,twén,twén,t w é/e n,,Boas1917,,,^ t w é n $,default
PA-95_we-1,,PA,95_we,*təha-mɨ-t,*təha-mɨ-t,t ə h a + m ɨ + t,,Davletshin2012,,,^ * t əh a - m ɨ - t $,default
CNa-96_what-1,,CNa,96_what,tle(ʔ),tle,t l e,,Karttunen1983,,,^ t l e $,default
TNa-96_what-1,,TNa,96_what,tliniːnu,tliniːnu,t l i n iː n u,,Brewer1966,,,^ t l i n iː n u $,default
NPN-96_what-1,,NPN,96_what,tlen,tlen,t l e n,,Brockway2000,,,^ t l e n $,default
MNa-96_what-1,,MNa,96_what,teː,teː,t eː,,Wolgemuth2002,,,^ t eː $,default
PNa-96_what-1,,PNa,96_what,teː,teː,t eː,,Garcia1976,,,^ t eː $,default
JNa-96_what-1,,JNa,96_what,tai,tai,t a i,,Garcia1967,,,^ t a i $,default
Pip-96_what-1,,Pip,96_what,taː,taː,t aː,,Campbell1985,,,^ t aː $,default
Poch-96_what-1,,Poch,96_what,te,te,t e,,Boas1917,,,^ t e $,default
PA-96_what-1,,PA,96_what,*tla-(hi ?),*tla-,t l a +,,Davletshin2012,,,^ * t l a - $,default
CNa-97_white-1,,CNa,97_white,istaːk,istaːk,i s t aː k,,Karttunen1983,,,^ i s t aː k $,default
TNa-97_white-1,,TNa,97_white,"chipːpöwak, istök",chipːpöwak,tʃ i pː p ø w a k,,Brewer1966,,,^ ch i pː p ö w a k $,default
NPN-97_white-1,,NPN,97_white,istak,istak,i s t a k,,Brockway2000,,,^ i s t a k $,default
MNa-97_white-1,,MNa,97_white,"istaːʔ, ichkatiʔ",istaːʔ,i s t aː ʔ,,Wolgemuth2002,,,^ i s t aː ʔ $,default
PNa-97_white-1,,PNa,97_white,istaːk,istaːk,i s t aː k,,Garcia1976,,,^ i s t aː k $,default
JNa-97_white-1,,JNa,97_white,istaːk,istaːk,i s t aː k,,Garcia1967,,,^ i s t aː k $,default
Pip-97_white-1,,Pip,97_white,istak,istak,i s t a k,,Campbell1985,,,^ i s t a k $,default
Poch-97_white-1,,Poch,97_white,chupék (cf. CNa chipaːwak),chupék,tʃ u p é/e k,,Boas1917,,,^ ch u p é k $,default
PA-97_white-1,,PA,97_white,*istaː-kɨ ?,*istaː-kɨ ?,i s t aː + k ɨ +,,Davletshin2012,,,^ * i s t aː - k ɨ + ? $,default
CNa-98_who-1,,CNa,98_who,aːk,aːk,aː k,,Karttunen1983,,,^ aː k $,default
TNa-98_who-1,,TNa,98_who,ökiːnu,ökiːnu,ø k iː n u,,Brewer1966,,,^ ö k iː n u $,default
NPN-98_who-1,,NPN,98_who,akin,akin,a k i n,,Brockway2000,,,^ a k i n $,default
MNa-98_who-1,,MNa,98_who,aːʔ,aːʔ,aː ʔ,,Wolgemuth2002,,,^ aː ʔ $,default
PNa-98_who-1,,PNa,98_who,aːk,aːk,aː k,,Garcia1976,,,^ aː k $,default
JNa-98_who-1,,JNa,98_who,aik,aik,a i k,,Garcia1967,,,^ a i k $,default
Pip-98_who-1,,Pip,98_who,kaː ~ kah ~ kahuni,kaː,k aː,,Campbell1985,,,^ k aː $,default
Poch-98_who-1,,Poch,98_who,ak,ak,a k,,Boas1917,,,^ a k $,default
PA-98_who-1,,PA,98_who,*aːk,*aːk,aː k,,Davletshin2012,,,^ * aː k $,default
CNa-99_woman-1,,CNa,99_woman,siwaː-tl ~ sowa-tl,siwaː-tl,s i w aː + t l,,Karttunen1983,,,^ s i w aː - t l $,default
TNa-99_woman-1,,TNa,99_woman,sowa-tl,sowa-tl,s o w a + t l,,Brewer1966,,,^ s o w a - t l $,default
NPN-99_woman-1,,NPN,99_woman,siwa-tl,siwa-tl,s i w a + t l,,Brockway2000,,,^ s i w a - t l $,default
MNa-99_woman-1,,MNa,99_woman,siwaː-ʔ,siwaː-ʔ,s i w aː + ʔ,,Wolgemuth2002,,,^ s i w aː - ʔ $,default
PNa-99_woman-1,,PNa,99_woman,soáː-t,soáː-t,s o áː/aː + t,,Garcia1976,,,^ s o áː - t $,default
JNa-99_woman-1,,JNa,99_woman,suwa-t,suwa-t,s u w a + t,,Garcia1967,,,^ s u w a - t $,default
Pip-99_woman-1,,Pip,99_woman,siwaː-t,siwaː-t,s i w aː + t,,Campbell1985,,,^ s i w aː - t $,default
Poch-99_woman-1,,Poch,99_woman,g’las-t,g’las-t,g’ l a s + t,,Boas1917,,,^ g’ l a s - t $,default
PA-99_woman-1,,PA,99_woman,*si/owaː-tl,*si,s i,,Davletshin2012,,,^ * s i $,default
CNa-100_yellow-1,,CNa,100_yellow,kos-tik,kos-tik,k o s + t i k,,Karttunen1983,,,^ k o s - t i k $,default
TNa-100_yellow-1,,TNa,100_yellow,kostiːk,kostiːk,k o s t iː k,,Brewer1966,,,^ k o s t iː k $,default
NPN-100_yellow-1,,NPN,100_yellow,kostik,kostik,k o s t i k,,Brockway2000,,,^ k o s t i k $,default
MNa-100_yellow-1,,MNa,100_yellow,kostiʔ,kostiʔ,k o s t i ʔ,,Wolgemuth2002,,,^ k o s t i ʔ $,default
PNa-100_yellow-1,,PNa,100_yellow,gostik,gostik,g o s t i k,,Garcia1976,,,^ g o s t i k $,default
JNa-100_yellow-1,,JNa,100_yellow,yuksik,yuksik,j u k s i k,,Garcia1967,,,^ y u k s i k $,default
Pip-100_yellow-1,,Pip,100_yellow,tultik,tultik,t u l t i k,,Campbell1985,,,^ t u l t i k $,default
PA-100_yellow-1,,PA,100_yellow,*kos-tɨ-k ?,*kos-tɨ-k ?,k o s + t ɨ + k +,,Davletshin2012,,,^ * k o s - t ɨ - k + ? $,default
